iteration,id,x,y
0,0,0.501346,-3.27312
0,1,2.74922,1.13978
0,2,-0.769506,0.563115
0,3,1.85932,-0.843469
0,4,1.86333,1.03314
0,5,0.350964,0.425911
0,6,0.739023,-0.627069
0,7,-0.232432,-0.581823
0,8,1.32824,0.393881
0,9,2.44695,-0.490342
0,10,-0.0766634,-1.68434
0,11,-0.989551,2.94181
0,12,1.26963,0.248256
0,13,1.45127,0.624887
0,14,-2.88095,-1.32383
0,15,2.70626,-0.441586
0,16,1.83406,1.79169
0,17,0.0310587,0.648968
0,18,1.09066,-0.559605
0,19,1.20234,0.127853
0,20,0.906629,1.0411
0,21,2.46098,-1.10454
0,22,-1.81617,-1.35449
0,23,1.43744,0.107183
0,24,0.0222839,2.41446
0,25,1.12601,0.0553679
0,26,1.73212,0.374517
0,27,1.14022,0.643965
0,28,2.44759,0.293381
0,29,1.93459,-0.287341
1,0,0.434282,-1.64885
1,1,1.66312,0.74056
1,2,1.02766,0.379084
1,3,2.78952,-2.88423
1,4,-1.02484,-0.638753
1,5,1.77805,-0.0687284
1,6,0.860046,1.08308
1,7,1.66452,0.650332
1,8,1.96625,2.65679
1,9,-0.0379188,0.684581
1,10,0.0288607,0.758887
1,11,0.475568,-0.294686
1,12,0.40763,-1.11382
1,13,-1.19433,-0.739486
1,14,1.76169,1.71763
1,15,2.29017,-0.185534
1,16,0.777705,3.56584
1,17,0.789085,0.311715
1,18,0.0575953,-0.604242
1,19,-0.417614,0.848587
1,20,0.928954,-0.454276
1,21,3.68944,-2.75044
1,22,1.46707,1.62142
1,23,2.66976,0.250237
1,24,0.68986,-0.281607
1,25,-1.70745,-1.19366
1,26,2.48734,1.34204
1,27,-0.33863,2.93151
1,28,4.62861,0.765545
1,29,-0.294327,0.905367
2,0,0.35873,-0.587164
2,1,0.220016,0.551046
2,2,1.6495,0.392301
2,3,1.09711,-0.234851
2,4,-1.91887,-0.745098
2,5,-0.568217,1.07322
2,6,0.711501,1.85661
2,7,0.371957,0.473732
2,8,1.00515,0.0850957
2,9,-1.27739,1.27534
2,10,0.0816227,1.9805
2,11,0.616511,-0.51759
2,12,-0.0949962,-1.44071
2,13,-1.33024,0.0322267
2,14,3.44924,2.8877
2,15,0.473763,0.614214
2,16,0.570263,2.9638
2,17,-0.0443912,0.719203
2,18,-0.481162,0.427845
2,19,0.0782901,0.639365
2,20,-0.0798114,2.07106
2,21,1.34431,-0.694227
2,22,-2.4582,-1.59104
2,23,-1.93028,0.814998
2,24,0.354816,-0.576816
2,25,1.55293,0.744356
2,26,0.278597,0.614567
2,27,-0.31626,1.1611
2,28,-1.79844,0.517887
2,29,-0.934802,1.28689
3,0,0.657056,0.293215
3,1,-0.115709,0.227314
3,2,1.20828,0.253827
3,3,0.134603,1.49447
3,4,-0.97339,-0.581869
3,5,1.10476,-0.239156
3,6,1.24493,-1.27487
3,7,0.222507,-0.329166
3,8,0.524599,-1.20075
3,9,-0.331116,0.804492
3,10,0.785321,-0.319487
3,11,0.756313,-0.249735
3,12,0.661112,-0.250572
3,13,1.23156,0.477616
3,14,2.10832,1.36399
3,15,-0.147387,0.72826
3,16,1.91879,0.646346
3,17,-0.135971,0.726493
3,18,0.16662,0.0875245
3,19,0.718929,0.299924
3,20,1.44092,-0.0125794
3,21,0.113725,0.467198
3,22,-2.75888,-2.49702
3,23,1.80655,-0.244339
3,24,0.718882,-0.199459
3,25,2.00592,0.149546
3,26,0.231391,-0.519574
3,27,-0.235094,0.218915
3,28,-3.94601,0.229506
3,29,2.0901,-0.57668
4,0,0.427775,0.574684
4,1,-0.150216,-0.000580434
4,2,-0.666081,0.0811522
4,3,0.414258,0.651354
4,4,0.475927,0.0731758
4,5,0.745494,-0.206761
4,6,0.547158,-0.123666
4,7,0.108451,-0.437364
4,8,0.456106,0.0360689
4,9,1.12488,-0.438616
4,10,-0.248634,0.178908
4,11,-0.213403,0.237368
4,12,1.004,0.368546
4,13,-2.26257,-0.429234
4,14,-0.379021,-0.592278
4,15,-0.0285139,-0.0910126
4,16,2.29322,-0.608007
4,17,0.22746,-0.0707272
4,18,0.490511,-0.0826359
4,19,0.84772,0.0576871
4,20,1.08141,-0.482045
4,21,-0.433898,0.562185
4,22,-0.297028,-0.243759
4,23,2.48774,-0.400025
4,24,0.717318,0.0846254
4,25,0.355865,-0.230168
4,26,0.112597,-0.194419
4,27,-0.128222,-0.27386
4,28,-3.53565,0.0488623
4,29,2.35614,-0.99524
5,0,-0.043113,-0.589874
5,1,0.0129732,-0.248607
5,2,-1.15713,-0.125655
5,3,1.31987,-0.988875
5,4,0.578057,0.198074
5,5,-0.0538413,-0.0978902
5,6,0.145835,0.454909
5,7,0.0903237,-0.359808
5,8,0.219279,0.547297
5,9,0.698754,-0.0831969
5,10,-0.521458,0.128715
5,11,-0.528772,0.179892
5,12,0.659091,-0.0549976
5,13,-0.499829,-0.00481007
5,14,-1.19947,-0.965151
5,15,0.0309229,-0.500649
5,16,0.963008,0.424786
5,17,0.0964449,-0.49412
5,18,-0.490642,0.0192548
5,19,-0.39619,-0.285455
5,20,0.23845,1.27894
5,21,-0.225295,0.457356
5,22,1.30276,1.0927
5,23,-0.191941,0.0128307
5,24,-0.126904,0.0280438
5,25,-0.789066,-0.304212
5,26,-0.0606626,0.0515971
5,27,-0.0429907,-0.461939
5,28,2.98452,0.217385
5,29,-4.7339,2.82267
6,0,-0.279439,-1.13992
6,1,0.0149538,-0.125997
6,2,-0.679179,-0.0456206
6,3,1.41965,-1.31497
6,4,0.408808,0.169644
6,5,-0.454213,-0.0280168
6,6,-0.257155,0.349026
6,7,-0.0980792,0.167631
6,8,0.621081,0.141847
6,9,-0.291601,0.714
6,10,-0.379697,0.0732269
6,11,0.0929186,0.0990937
6,12,-0.500497,-0.120575
6,13,0.715072,0.250241
6,14,0.70456,0.482278
6,15,-0.0481463,-0.0141598
6,16,-0.599238,0.614122
6,17,0.177937,0.0200153
6,18,0.0023442,0.168711
6,19,-0.414799,-0.241632
6,20,0.018412,1.26464
6,21,0.190449,-0.106065
6,22,1.23243,1.0853
6,23,-1.40701,0.256103
6,24,-0.535077,0.00470918
6,25,0.955615,0.188611
6,26,-0.147292,0.174605
6,27,-0.0641682,-0.166071
6,28,1.61223,0.461562
6,29,-0.534688,1.05822
7,0,-0.280097,-0.862988
7,1,-0.0629053,0.0750593
7,2,0.244274,0.028522
7,3,-0.702655,1.62866
7,4,0.22556,-0.0547565
7,5,0.0737008,-0.0812774
7,6,-0.425891,0.23916
7,7,-0.135722,0.225437
7,8,0.293902,-0.283642
7,9,-0.579545,0.918067
7,10,-0.0192028,0.164134
7,11,0.318452,-0.00979789
7,12,-0.802482,-0.0880096
7,13,-0.371987,-0.0219145
7,14,-0.0949361,-0.302369
7,15,-0.0876808,0.229085
7,16,1.08383,0.109217
7,17,-0.0613708,0.23475
7,18,0.210876,0.105948
7,19,0.702332,0.047575
7,20,0.8985,0.0431891
7,21,0.229797,-0.322861
7,22,-1.06037,-0.871084
7,23,-1.48987,0.272841
7,24,-0.1407,-0.0158145
7,25,1.37449,0.246223
7,26,-0.052815,0.0260058
7,27,-0.0598074,0.123606
7,28,0.110545,0.349985
7,29,2.08354,-0.456395
8,0,0.218161,0.26506
8,1,-0.0827411,0.0601643
8,2,0.508505,0.0367668
8,3,0.991111,-1.07443
8,4,0.0178458,-0.149738
8,5,0.203898,-0.0342282
8,6,-0.187431,0.228468
8,7,-0.0931103,0.100005
8,8,0.634708,0.0524573
8,9,0.366337,-0.423283
8,10,0.13267,0.0348008
8,11,-0.0813203,-0.0545863
8,12,-0.197165,0.00231632
8,13,-0.689902,-0.15259
8,14,-0.466649,-0.522004
8,15,-0.00890891,-0.255575
8,16,0.788348,-0.267162
8,17,0.118499,-0.178474
8,18,0.0897609,-0.00126601
8,19,1.31613,0.194999
8,20,0.57703,-0.613668
8,21,-0.0254539,0.082639
8,22,-1.32995,-1.12847
8,23,1.21671,-0.268101
8,24,0.11575,0.00341874
8,25,0.0136235,-0.168914
8,26,-0.00239669,-0.0756492
8,27,-0.0424107,0.0886779
8,28,-0.842275,-0.169274
8,29,1.8217,-0.45222
9,0,0.442038,0.802608
9,1,-0.0847466,0.0401285
9,2,-0.356572,-0.0328311
9,3,0.508674,-1.06978
9,4,-0.130862,-0.105085
9,5,0.052116,-0.0730232
9,6,0.0837592,-0.0415859
9,7,-0.0214043,-0.0906782
9,8,0.630526,0.199625
9,9,0.623206,-0.684917
9,10,0.0610551,-0.069819
9,11,-0.234136,-0.0196188
9,12,0.328675,0.0228034
9,13,-0.343785,-0.0329842
9,14,-0.0859621,-0.238352
9,15,0.0108334,-0.377044
9,16,0.371376,-0.224808
9,17,-0.00866358,-0.0869233
9,18,0.0189682,-0.0558299
9,19,0.107294,-0.0421715
9,20,-0.0194949,0.203369
9,21,-0.169824,0.213959
9,22,-0.373316,-0.317301
9,23,1.71589,-0.367771
9,24,0.1399,0.00187291
9,25,-0.731967,-0.213247
9,26,-0.118823,0.113064
9,27,-0.0420182,-0.0777085
9,28,0.659166,0.455297
9,29,-0.947141,0.278966
10,0,0.108576,0.177415
10,1,-0.0402553,-0.0373695
10,2,-0.162771,-0.00667936
10,3,0.2009,0.116472
10,4,-0.0881074,-0.0182563
10,5,-0.130301,-0.0298799
10,6,0.0650069,-0.144521
10,7,-0.015539,-0.100214
10,8,0.73439,-0.0368953
10,9,-0.934904,1.85974
10,10,-0.0211177,-0.0984968
10,11,0.0266946,-0.0195081
10,12,0.307867,0.0183171
10,13,-0.0477961,0.034646
10,14,0.154385,0.199923
10,15,-0.0067805,-0.268671
10,16,0.125979,-0.185098
10,17,-0.12087,0.0484652
10,18,-0.0963429,-0.0334943
10,19,-0.595206,-0.143081
10,20,-0.351692,0.354243
10,21,-0.092723,0.0266993
10,22,0.330788,0.300844
10,23,-0.681993,0.111961
10,24,0.0271472,-0.00538598
10,25,-0.107955,-0.02606
10,26,-0.0330307,-0.021935
10,27,-0.0501663,-0.0743692
10,28,0.410341,0.446914
10,29,-1.71418,0.443256
11,0,-0.0954656,-0.21894
11,1,0.0168876,-0.0595593
11,2,0.124114,0.00769035
11,3,-0.103901,0.603755
11,4,0.0609192,0.0394123
11,5,0.247704,-0.0425642
11,6,0.0631738,-0.0876113
11,7,-0.0106934,-0.0840316
11,8,0.0112969,-0.0285443
11,9,-0.509463,1.34843
11,10,0.0383757,0.0325666
11,11,0.157705,-0.000884313
11,12,-0.395614,-0.012992
11,13,0.169885,0.0312369
11,14,-0.118567,-0.258971
11,15,0.0160345,0.098016
11,16,-0.104313,0.0304014
11,17,-0.0248006,0.0521009
11,18,-0.0439377,-0.02589
11,19,0.0798664,0.0157137
11,20,0.0871814,0.093681
11,21,0.103427,-0.0334815
11,22,0.276851,0.246477
11,23,-0.590615,0.122304
11,24,-0.0292293,-0.00901543
11,25,0.271097,0.0777932
11,26,0.0901277,-0.0673622
11,27,0.0578673,0.0240281
11,28,-0.378162,-0.260537
11,29,0.606142,-0.14299
12,0,0.21483,0.360086
12,1,0.00601426,-0.0347593
12,2,0.185546,0.00381573
12,3,0.293233,-0.487273
12,4,0.130734,0.062014
12,5,0.00596918,-0.0347448
12,6,0.0558365,-0.00119691
12,7,0.0290069,0.00153482
12,8,-0.330217,0.00489981
12,9,0.474144,-0.488482
12,10,0.0598365,0.0700915
12,11,-0.00797057,-0.0182371
12,12,-0.576289,-0.0188584
12,13,0.0743755,-0.00167138
12,14,-0.0753716,-0.180213
12,15,-0.00809022,0.211206
12,16,-0.0460912,0.0909553
12,17,0.0866837,-0.016296
12,18,-0.00127435,-0.0173398
12,19,0.398868,0.0876932
12,20,0.289555,-0.0647573
12,21,-0.0539871,0.132641
12,22,0.158996,0.127621
12,23,0.470118,-0.0910317
12,24,0.00689484,-0.00668981
12,25,0.108086,0.0289299
12,26,0.0836658,-0.0421283
12,27,0.0866147,0.0490316
12,28,0.0105144,0.0985014
12,29,1.27419,-0.319158
13,0,0.12834,0.226993
13,1,0.00183735,0.017797
13,2,-0.0585597,-0.00985224
13,3,0.0257182,0.266468
13,4,0.0972537,0.0364459
13,5,-0.114494,-0.0185721
13,6,0.0475076,0.0414872
13,7,0.0482487,0.0440918
13,8,-0.312189,0.00516551
13,9,-0.0575816,0.592295
13,10,0.00826459,-0.00859308
13,11,-0.0706116,-0.011225
13,12,-0.142524,0.00661979
13,13,-0.0932824,0.00388621
13,14,0.0193734,0.0134537
13,15,-0.0705756,-0.124689
13,16,0.025884,0.04224
13,17,0.0498841,-0.0233764
13,18,0.0318424,0.00229923
13,19,0.117276,0.0199373
13,20,0.12353,-0.0356274
13,21,-0.023463,-0.0167264
13,22,-0.0399763,-0.0554715
13,23,-0.392584,0.0345255
13,24,0.0249569,-0.00552699
13,25,-0.0925115,-0.0319624
13,26,-0.0596941,0.0191821
13,27,0.0638239,0.0331903
13,28,0.200643,0.155669
13,29,0.10682,-0.0274804
14,0,-0.0144084,-0.0373938
14,1,0.0033617,0.0265831
14,2,-0.0893242,-0.0122756
14,3,0.136307,0.236767
14,4,-0.0112818,0.00700347
14,5,0.0287916,-0.0295039
14,6,0.0102421,-0.0340477
14,7,0.0441038,0.047498
14,8,0.271808,-0.0260543
14,9,-0.199144,0.385237
14,10,-0.017851,-0.0474773
14,11,-0.0599616,-0.011663
14,12,0.235927,0.00496707
14,13,-0.0620678,0.00694804
14,14,0.0519533,0.0864083
14,15,0.00388218,-0.113787
14,16,0.0364674,-0.0475773
14,17,0.0119967,-0.0193523
14,18,-0.00437038,-0.0163939
14,19,-0.184088,-0.0472228
14,20,-0.0793865,0.00868624
14,21,0.00859724,-0.0858567
14,22,-0.0731083,-0.0779588
14,23,-0.240079,0.0362089
14,24,-0.00384375,-0.00738114
14,25,-0.110009,-0.0413576
14,26,-0.0955434,0.00256112
14,27,-0.00573407,-0.0199154
14,28,-0.169784,-0.0847499
14,29,-0.519794,0.12729
15,0,-0.0788944,-0.150019
15,1,-0.0058755,-0.0165201
15,2,-0.0266045,-0.00869111
15,3,0.179376,0.132361
15,4,-0.0549225,-0.0282696
15,5,0.0489507,-0.0268332
15,6,-0.0246837,-0.0409701
15,7,0.0223239,-0.00855726
15,8,0.1219,-0.0333235
15,9,-0.109168,-0.041466
15,10,0.014335,0.0111711
15,11,0.0106002,-0.00854964
15,12,-0.075954,-0.00768412
15,13,-0.0199156,0.0158794
15,14,-0.00560035,-0.0155303
15,15,-0.000894953,-0.00860311
15,16,0.00117404,-0.0506929
15,17,-0.0149709,-0.0112763
15,18,-0.0222958,-0.0226428
15,19,0.120128,0.0230956
15,20,-0.141482,0.0224709
15,21,-0.0108719,0.0196116
15,22,-0.0590215,-0.0599723
15,23,0.191854,-0.0467544
15,24,-0.0182441,-0.00830822
15,25,-0.015235,-0.0107487
15,26,0.0386954,-0.0464197
15,27,-0.0395195,-0.0398806
15,28,-0.16512,-0.0891075
15,29,0.26083,-0.0731964
16,0,-0.0865003,-0.16159
16,1,-0.0100342,-0.0360032
16,2,0.0348514,-0.0051667
16,3,-0.0538293,-0.114133
16,4,0.00516655,-0.00951724
16,5,-0.0219995,-0.0276245
16,6,-0.0153422,-0.0250672
16,7,-0.00585257,-0.0358079
16,8,-0.224089,0.00390534
16,9,-0.0345115,-0.245216
16,10,0.00811968,0.00784736
16,11,0.0373233,-0.00630066
16,12,-0.227507,-0.0139913
16,13,0.0090163,0.00897555
16,14,-0.0335162,-0.0625055
16,15,-0.0065727,0.0453519
16,16,-0.00733321,0.0643088
16,17,-0.0252411,-0.00611336
16,18,-0.000148981,-0.00984856
16,19,0.102628,0.0170097
16,20,-0.135657,0.0211959
16,21,-0.0134427,0.0448323
16,22,-0.0194488,-0.0268398
16,23,0.0770531,-0.0248596
16,24,-0.0120804,-0.00791141
16,25,0.0442907,0.00814424
16,26,0.0459525,-0.0190589
16,27,-0.040798,-0.0373485
16,28,0.278768,0.264825
16,29,0.333529,-0.0886977
17,0,-0.00277908,-0.00682856
17,1,-0.00500259,-0.0127739
17,2,0.0177931,-0.00614402
17,3,-0.155822,-0.206176
17,4,0.0228445,0.00279072
17,5,-0.0307161,-0.0021008
17,6,-0.00664037,-0.0109154
17,7,0.00441054,-0.0152553
17,8,0.00701583,-0.013816
17,9,0.018856,-0.035916
17,10,0.000732522,0.000738034
17,11,0.0253498,-0.0068773
17,12,-0.0970889,-0.0107967
17,13,0.0044319,-0.0187065
17,14,0.00633786,0.0110268
17,15,-0.00289592,-0.0129055
17,16,0.011232,0.0308351
17,17,-0.00144104,-0.00649678
17,18,0.00550087,0.000170495
17,19,0.0320438,-0.000148233
17,20,-0.0421586,0.00050359
17,21,-0.00182331,-0.0171843
17,22,0.0195318,0.0136607
17,23,-0.0800231,0.00762362
17,24,0.000261129,-0.00711688
17,25,-0.0167103,-0.0114281
17,26,-0.00885972,-0.00743098
17,27,0.0271198,0.00815364
17,28,0.276838,0.302862
17,29,-0.30919,0.0728596
18,0,0.0393844,0.0712046
18,1,-0.000657819,0.00314973
18,2,-0.00918937,0.000811191
18,3,-0.0498085,-0.0463667
18,4,0.011976,-0.00408006
18,5,-0.00708724,0.0131874
18,6,0.0010256,0.00140023
18,7,0.00721465,0.00514157
18,8,0.117738,-0.0114884
18,9,0.0287724,0.102645
18,10,-0.00296105,-0.00281663
18,11,0.00583145,-0.00470601
18,12,0.121707,0.0096596
18,13,0.00591569,0.0128088
18,14,0.0228113,0.0414537
18,15,0.00373333,-0.025556
18,16,0.00703407,-0.0245441
18,17,0.0112882,-0.0039283
18,18,0.0015753,0.00598348
18,19,-0.0162453,-0.00835932
18,20,0.0652395,-0.00951107
18,21,0.00433162,-0.0457717
18,22,0.0308682,0.0283059
18,23,-0.114688,0.0201244
18,24,0.00696588,0.00217848
18,25,-0.0302202,-0.00987691
18,26,-0.0339126,0.000387059
18,27,0.00628845,-0.00773039
18,28,-0.012855,0.0107079
18,29,0.241994,-0.0532244
19,0,0.0536602,0.097686
19,1,0.00264278,0.00915454
19,2,-0.0147526,0.00423034
19,3,0.0389093,0.0668214
19,4,-0.0101503,-0.00633419
19,5,0.010065,0.0123336
19,6,0.00458699,0.00694437
19,7,-6.7314e-07,0.00948591
19,8,0.0124587,-0.0124452
19,9,0.000231015,0.0119679
19,10,0.000952248,0.000949496
19,11,-0.00674313,-0.000614396
19,12,0.0974685,0.00840978
19,13,0.00672188,0.0166389
19,14,-0.00257618,-0.00539435
19,15,0.000957192,0.0095331
19,16,-0.00407153,-0.0160986
19,17,0.00449885,-0.00141816
19,18,0.00225839,0.00332963
19,19,-0.0158902,0.000662988
19,20,-0.0791822,0.00776302
19,21,0.000785491,-0.006348
19,22,-0.0106532,-0.00893321
19,23,-0.0897236,0.0152646
19,24,0.00406271,0.00515696
19,25,0.0203497,0.00304883
19,26,-0.00791567,-0.00591716
19,27,-0.00635019,-0.0122842
19,28,-0.138788,-0.149247
19,29,0.0275224,-0.0113305
20,0,0.0263947,0.0472692
20,1,-0.00212856,-0.00592297
20,2,-0.00534879,-5.3369e-06
20,3,0.0239084,0.0354257
20,4,-0.0118578,-0.00807035
20,5,0.00459031,0.00882122
20,6,-0.0022549,-0.00396904
20,7,0.00521796,-0.00502014
20,8,-0.0489656,-0.0121657
20,9,-0.0134147,-0.0473661
20,10,0.00236833,0.00231232
20,11,-0.00577736,0.00274357
20,12,-0.293891,-0.0257214
20,13,0.00862746,0.00369433
20,14,-0.0122537,-0.0232281
20,15,-0.000898004,0.0208578
20,16,-0.00281096,0.0120028
20,17,-0.00242292,0.00185614
20,18,0.00197477,0.000940891
20,19,-0.00434796,0.00522545
20,20,-0.0677722,0.0068356
20,21,-0.000992606,0.0140368
20,22,-0.0247901,-0.0219263
20,23,-0.0375633,-0.00243729
20,24,0.00255297,0.00656906
20,25,0.0363514,0.00814922
20,26,0.0139168,-0.00227112
20,27,0.0140451,0.00853664
20,28,0.0770096,0.0904611
20,29,-0.0930855,0.0156404
21,0,-0.014174,-0.0275891
21,1,-0.00302977,-0.00577671
21,2,0.00417465,-0.0015338
21,3,0.00770514,0.00670227
21,4,0.0230249,2.5469e-07
21,5,0.000868023,0.00500128
21,6,-0.00236387,-0.00410657
21,7,0.00304143,-0.00612934
21,8,-0.000371117,-0.00986144
21,9,0.00388674,0.0224414
21,10,0.000283186,0.000305598
21,11,-0.00430568,0.00411793
21,12,-0.0818674,-0.00755097
21,13,0.00790226,-0.00340631
21,14,0.00704749,0.0123928
21,15,6.30256e-05,-0.0177244
21,16,0.00299408,0.00960293
21,17,-0.00435922,0.00295306
21,18,0.000762868,-0.000428222
21,19,0.00373865,0.00546148
21,20,-0.0187456,0.000190952
21,21,0.00123958,-0.00458032
21,22,0.00900789,0.00829521
21,23,0.0119946,-0.00934158
21,24,0.0029778,0.00246469
21,25,-0.0154517,-0.0100503
21,26,0.0122445,-0.000757099
21,27,0.00460373,0.00325235
21,28,0.0667545,0.0989344
21,29,0.0293595,-0.0114622
22,0,-0.0210992,-0.0396043
22,1,0.00128635,0.00854699
22,2,0.00506892,-0.00046998
22,3,-0.0108225,-0.0166452
22,4,0.0245836,0.000782582
22,5,-0.00153643,-0.00127093
22,6,0.00325623,0.00516357
22,7,0.00109292,-0.004677
22,8,0.0246777,0.00296942
22,9,0.00732665,0.0364197
22,10,-0.000759385,-0.000697762
22,11,-0.00123175,0.00286267
22,12,0.116747,0.00984093
22,13,0.0048729,-0.00565741
22,14,0.0018143,0.00280024
22,15,0.00019993,-0.0304819
22,16,0.00562872,0.00748429
22,17,-0.00343673,0.00242874
22,18,1.28068e-05,-0.000892319
22,19,0.00277882,-0.00188565
22,20,0.0126945,-0.00308964
22,21,0.002301,-0.0136096
22,22,0.0138473,0.0123625
22,23,0.0301147,-0.00730852
22,24,-0.000296569,-0.00238132
22,25,-0.0229174,-0.0070165
22,26,0.00318181,-0.000911868
22,27,-0.00453597,-0.00240369
22,28,-0.0770704,-0.0619635
22,29,0.0523911,-0.0103967
23,0,-0.00574138,-0.0114962
23,1,0.000582969,0.00688743
23,2,0.00217962,0.000158367
23,3,0.000939739,0.00249328
23,4,0.000933013,-0.00851935
23,5,-0.00246796,-0.0041725
23,6,0.00233373,0.00362533
23,7,-0.000336991,-0.00114702
23,8,0.00646407,-0.000707277
23,9,-0.000376004,0.00859229
23,10,-0.000158334,-0.000119316
23,11,0.00122214,0.000687353
23,12,0.0179932,0.000578163
23,13,-0.000575759,-0.0016719
23,14,-0.000803591,-0.00199814
23,15,-0.000269121,0.0135434
23,16,0.00441934,0.00303179
23,17,0.000796725,2.19276e-05
23,18,0.000502292,-0.000442394
23,19,0.000976056,-0.00439771
23,20,0.0221422,-0.00301405
23,21,2.70004e-05,0.00237802
23,22,-0.00197841,-0.00151944
23,23,0.0237938,-0.0030028
23,24,-0.00122244,-0.00150771
23,25,-0.0141305,-0.00508212
23,26,-0.0028724,-0.000349633
23,27,-0.00220711,-0.00135332
23,28,-0.0298292,-0.0344049
23,29,-0.0122366,0.00101034
24,0,0.0127487,0.0231335
24,1,-0.00175789,-0.00629475
24,2,-0.000878729,0.000280878
24,3,0.00523268,0.00828382
24,4,-0.0120565,-0.00420922
24,5,0.000370978,0.000779691
24,6,-0.00110086,-0.00163035
24,7,-0.000808524,0.00201822
24,8,-0.00838566,-0.00203575
24,9,-0.00411856,-0.00967476
24,10,0.000142192,0.000169907
24,11,0.00102914,-0.00123004
24,12,-0.0361448,-0.00423616
24,13,-0.00305911,0.00121717
24,14,-0.00195202,-0.00392996
24,15,-0.000506869,0.0198447
24,16,-0.000622511,-0.00224885
24,17,0.00246797,-0.00124736
24,18,-3.83996e-05,0.000166684
24,19,-0.000306965,-0.000370753
24,20,-0.000103384,-0.000459378
24,21,-0.00126344,0.00830433
24,22,-0.00988635,-0.00845662
24,23,-0.0134874,-0.00209921
24,24,-0.000610192,0.000331945
24,25,0.0107184,0.00315068
24,26,-0.00342283,0.000141656
24,27,-4.48233e-05,-0.000227109
24,28,0.0271655,0.0478955
24,29,-0.0324833,0.00558523
25,0,-0.00458226,-0.00873859
25,1,-0.00108885,-0.00392292
25,2,-0.00147886,0.000215883
25,3,-0.00266393,-0.00322908
25,4,-0.00580372,-0.0045947
25,5,0.00176989,0.003225
25,6,0.000648514,0.000987575
25,7,-0.00052579,0.000570326
25,8,0.000823139,-0.00111221
25,9,0.000418649,0.00792243
25,10,-0.000267316,-1.72966e-06
25,11,0.000943504,-0.00130125
25,12,0.026433,0.00300722
25,13,-0.00174712,0.000655578
25,14,-0.00188916,-0.00372209
25,15,-0.000667767,-0.0374704
25,16,-0.00298176,-0.00422055
25,17,0.00130982,-0.000631473
25,18,-0.000308745,0.000471223
25,19,-0.000766693,0.0020065
25,20,-0.0112104,0.000969391
25,21,0.000827231,-0.0049827
25,22,-0.00235965,-0.00185554
25,23,-0.0199912,0.000397395
25,24,0.000452471,0.00103311
25,25,0.00966903,0.00352937
25,26,-0.0021654,-0.000159793
25,27,0.00103853,0.000471488
25,28,0.0384999,0.0648012
25,29,-0.0102399,0.00158916
26,0,-0.00952571,-0.0181691
26,1,-0.000365499,-0.000679138
26,2,-0.000537004,0.000218176
26,3,-0.00142375,-0.00135408
26,4,0.00171346,-0.00116124
26,5,-0.00145044,-0.00229785
26,6,0.00104963,0.00173059
26,7,1.73153e-05,-0.00048633
26,8,0.00447395,0.000765085
26,9,0.0022447,0.00921121
26,10,-0.00035226,-0.000183312
26,11,0.000554381,0.000914691
26,12,0.040514,0.00424895
26,13,0.000866556,-0.00198108
26,14,-0.000618571,-0.00152022
26,15,-0.000113229,0.0171151
26,16,0.00107486,0.00141932
26,17,0.000392187,-4.52554e-05
26,18,-0.000107812,0.000244875
26,19,3.33426e-05,-0.000563965
26,20,-0.00264384,0.000447407
26,21,0.000419661,-0.00207405
26,22,0.00458495,0.00421685
26,23,-0.000901686,-0.000257849
26,24,-0.00048148,-7.47481e-05
26,25,0.0053561,0.00240645
26,26,0.000776231,4.44954e-05
26,27,-0.000886084,-0.000248644
26,28,0.0242626,0.0439021
26,29,0.0114279,-0.0018794
27,0,0.00485767,0.00886583
27,1,0.00040475,0.00199925
27,2,0.000507451,0.000160093
27,3,0.000930023,0.00148657
27,4,0.00395262,0.00170723
27,5,-0.000489894,-0.000629759
27,6,0.000142384,0.000462907
27,7,0.000267409,-0.000763143
27,8,0.00292409,0.000186387
27,9,0.000293249,0.00613794
27,10,-0.000147368,-0.000155527
27,11,5.17526e-05,0.00163392
27,12,0.0170162,5.87773e-05
27,13,0.000425376,-0.000261393
27,14,0.000435288,0.000797736
27,15,-0.000469733,0.00607788
27,16,0.00274184,0.00383269
27,17,-0.000174673,0.000301034
27,18,0.000134248,-2.78002e-05
27,19,0.000381242,-0.00132615
27,20,0.00675585,-0.00127163
27,21,0.000117894,-0.000140416
27,22,-0.00746694,-0.00632672
27,23,0.00928996,-0.000267359
27,24,-0.000778992,-0.00053634
27,25,-0.00173272,-0.000202899
27,26,0.00216893,0.000158357
27,27,-0.00041335,-0.0004658
27,28,0.00407441,0.0153684
27,29,0.0127717,-0.00197313
28,0,-0.00054446,-0.00266061
28,1,-0.00039237,-0.000951553
28,2,0.000795821,1.33124e-05
28,3,0.00104914,0.000893938
28,4,0.000807673,-0.00100211
28,5,0.000691949,0.00088092
28,6,-0.000318168,-0.000588941
28,7,-7.08686e-05,0.000179577
28,8,-0.000344331,-0.000984189
28,9,-0.000760059,0.00159274
28,10,0.000282167,4.04662e-05
28,11,0.000616788,-0.00126149
28,12,-0.0172922,-0.002152
28,13,-0.000217661,0.000937408
28,14,0.000885599,0.00174661
28,15,4.0037e-05,-0.00639599
28,16,0.000118507,-8.30954e-06
28,17,-0.000106322,9.97209e-05
28,18,0.000255278,-0.000164138
28,19,-0.000314236,0.000286007
28,20,0.00700004,-0.0015978
28,21,-3.09829e-05,0.000840214
28,22,-0.00658331,-0.0056488
28,23,-0.0101817,9.05905e-05
28,24,0.000478943,0.000229827
28,25,-0.00519975,-0.00150031
28,26,0.000740053,3.43855e-05
28,27,0.000767888,0.000103248
28,28,-0.00607863,0.000871269
28,29,-0.00765756,0.00124299
29,0,-0.00240592,-0.00506484
29,1,-0.000724113,-0.00197752
29,2,3.42938e-06,-4.76936e-05
29,3,-0.000196342,-0.000667611
29,4,-0.00122002,-0.00170034
29,5,6.76535e-05,-1.46424e-05
29,6,0.00027338,0.000273642
29,7,-0.000232947,0.000643932
29,8,-0.00182285,-0.00124121
29,9,-0.000690065,-0.00176716
29,10,0.000358195,9.3081e-05
29,11,0.000286286,0.000287536
29,12,0.00464571,-0.000111088
29,13,8.05683e-05,5.4367e-05
29,14,-6.7363e-05,-0.000423054
29,15,-0.000322566,0.00993989
29,16,-0.00119316,-0.00192881
29,17,0.000198586,-0.000131022
29,18,9.68507e-05,1.54609e-05
29,19,-0.000200081,0.000777943
29,20,-0.00443218,0.000252284
29,21,-5.37387e-06,0.000736636
29,22,0.000169483,2.70554e-06
29,23,-8.4168e-05,-5.45553e-05
29,24,-0.000305684,9.97856e-05
29,25,0.00282159,0.00079556
29,26,-0.000820172,-8.56987e-05
29,27,0.000292852,3.11268e-06
29,28,-0.00195436,-0.00768319
29,29,-0.00929102,0.00147019
30,0,0.00168127,0.0024874
30,1,-0.000284797,-0.000711005
30,2,-0.000392766,-7.81966e-05
30,3,-0.000701877,-0.00108468
30,4,0.000686934,0.000674184
30,5,-0.000270435,-0.000475773
30,6,0.000475779,0.000593785
30,7,-0.000116465,0.000306885
30,8,0.00189004,0.000628603
30,9,6.6758e-05,-0.000979455
30,10,-0.000116547,-8.72096e-05
30,11,-0.000278258,0.000588823
30,12,0.0131359,0.00094322
30,13,0.00013962,-0.000506313
30,14,-0.000538638,-0.00148028
30,15,-0.00056193,0.0134322
30,16,0.00133569,0.00193819
30,17,-2.98379e-05,-7.9049e-06
30,18,-7.98064e-05,3.93868e-05
30,19,-0.000231943,8.6201e-05
30,20,-0.00602645,0.000505567
30,21,0.000107617,-0.000868737
30,22,0.00352734,0.00282283
30,23,0.00497724,-0.000126137
30,24,-0.000670913,2.18432e-05
30,25,0.000132577,0.00037766
30,26,0.000396137,-9.39e-06
30,27,-9.27732e-05,-0.000131442
30,28,-0.00378605,0.00280768
30,29,-0.00583864,0.000937239
31,0,0.0013447,0.00156435
31,1,3.99959e-05,0.000212181
31,2,-4.19042e-05,-2.11001e-06
31,3,-0.000321126,-0.000743894
31,4,0.000891429,0.00114871
31,5,-0.000278448,-0.000467145
31,6,-0.000196618,-0.000250666
31,7,0.000124133,-0.000474213
31,8,-0.00128001,-0.00116499
31,9,0.000326627,0.000606686
31,10,-0.000244027,-7.68478e-05
31,11,-0.000295612,0.000269451
31,12,0.00698721,0.000521466
31,13,9.27605e-05,-0.000244426
31,14,3.6531e-05,8.81668e-06
31,15,-0.00052902,0.00931803
31,16,0.00010093,6.59679e-05
31,17,-0.00014405,5.36539e-05
31,18,-0.000152381,3.644e-05
31,19,-1.26059e-05,-0.000369218
31,20,0.00365369,-0.000887591
31,21,5.12164e-05,6.93243e-05
31,22,0.00122796,0.00106556
31,23,-0.00287651,4.31574e-05
31,24,1.90173e-05,1.92209e-05
31,25,-0.00130907,-6.18939e-05
31,26,0.000530301,3.04169e-05
31,27,-0.000215338,-6.08279e-05
31,28,-0.00234786,0.00628857
31,29,0.00276817,-0.000448775
32,0,0.000937573,0.000824439
32,1,0.000183948,0.000504122
32,2,0.000165943,4.72835e-05
32,3,0.000467782,0.000595144
32,4,5.08067e-05,-1.24908e-05
32,5,0.000312205,0.000383598
32,6,-0.000335707,-0.000426192
32,7,8.35798e-05,-0.00014276
32,8,-0.00112398,-0.000826246
32,9,4.65548e-05,0.000616737
32,10,-0.000135585,-2.94568e-05
32,11,1.98739e-05,-0.000148047
32,12,0.00204703,0.000133777
32,13,4.64173e-05,0.000133425
32,14,0.000316628,0.000757812
32,15,-0.000106268,-0.00273471
32,16,-0.000611474,-0.000975607
32,17,-1.83273e-05,-9.22647e-06
32,18,-2.37632e-05,2.17023e-05
32,19,0.000125888,-0.000125503
32,20,0.00354358,-0.000454881
32,21,-2.50722e-05,0.000463527
32,22,-0.00112517,-0.000937026
32,23,-6.33594e-05,-2.41245e-05
32,24,0.000363983,1.79098e-05
32,25,-0.000268254,0.000148381
32,26,-0.000265243,-1.61771e-05
32,27,0.000214189,-1.09516e-05
32,28,-0.000550591,0.00455032
32,29,0.00446199,-0.000697544
33,0,-0.000675674,-0.000774936
33,1,0.000241488,0.000616422
33,2,4.91123e-06,8.87811e-06
33,3,0.000730614,0.00104248
33,4,-0.000381341,-0.000592532
33,5,-4.51172e-05,-0.00010201
33,6,-0.000178936,-0.000226129
33,7,2.45942e-05,7.36882e-05
33,8,0.00036638,-8.24466e-05
33,9,-0.000132841,0.000242026
33,10,2.20217e-05,1.20757e-05
33,11,0.000122965,-0.000158194
33,12,-0.00207168,-0.000174217
33,13,1.52952e-05,0.000102205
33,14,-0.000377825,-0.000919141
33,15,0.000170237,-0.00674256
33,16,0.000216492,0.000127789
33,17,4.4534e-05,-4.06666e-05
33,18,4.55314e-05,-1.40332e-05
33,19,2.89671e-05,0.00013033
33,20,-0.00398906,0.000195535
33,21,-3.9876e-06,-4.25308e-05
33,22,-0.000592806,-0.00066882
33,23,0.0013549,-5.39002e-05
33,24,-0.00030758,-1.53036e-05
33,25,0.000551984,6.44404e-05
33,26,-0.000588109,-3.73655e-05
33,27,-0.000234874,-0.000119855
33,28,0.000850236,-0.000620748
33,29,9.52981e-05,-2.87242e-05
34,0,-0.000840563,-0.000835552
34,1,7.07595e-05,0.000176987
34,2,-7.56048e-05,-1.03246e-05
34,3,0.000484903,0.000589916
34,4,-0.00041446,-0.000630012
34,5,-1.47607e-05,-7.92588e-05
34,6,-2.47414e-05,-2.91922e-05
34,7,-1.84647e-05,0.000137243
34,8,0.000883778,0.000347001
34,9,-0.000194119,6.56899e-06
34,10,9.54393e-05,3.18355e-05
34,11,-9.01268e-05,2.03902e-05
34,12,0.000566819,5.19068e-05
34,13,5.46729e-05,2.41532e-05
34,14,-0.000505248,-0.00126148
34,15,-0.000221831,0.00470156
34,16,0.000262975,0.000392099
34,17,1.24569e-05,-2.45296e-06
34,18,-5.17541e-06,1.38776e-05
34,19,-4.48527e-05,0.000130213
34,20,-0.00184313,-0.000219902
34,21,1.14493e-05,-0.000267283
34,22,0.000588363,0.00032185
34,23,0.000192735,-2.66008e-05
34,24,-0.000113411,1.80212e-05
34,25,-1.23395e-05,-2.7906e-05
34,26,-0.000309264,-1.76263e-05
34,27,-0.000308306,-0.000168713
34,28,0.00135107,-0.00305763
34,29,-0.00210727,0.000313682
35,0,0.000365707,0.000390985
35,1,-9.94636e-05,-0.000259373
35,2,3.05214e-05,1.4986e-05
35,3,-0.000217256,-0.000568986
35,4,0.000817903,0.00111948
35,5,1.93853e-05,1.63375e-05
35,6,8.18103e-05,0.000107092
35,7,-9.24942e-06,8.43104e-07
35,8,-0.000636871,-0.000428698
35,9,-6.71269e-05,-0.000109331
35,10,8.39372e-05,2.89974e-05
35,11,-6.04207e-05,9.31777e-05
35,12,0.00104486,0.000100553
35,13,6.87686e-05,-1.65897e-05
35,14,-0.000241134,-0.000634692
35,15,-0.000261467,0.00554706
35,16,0.000140799,0.000240932
35,17,-4.37286e-06,1.78421e-05
35,18,-2.19825e-05,2.35969e-05
35,19,4.30663e-06,1.99282e-05
35,20,0.00145977,-0.000466093
35,21,6.62787e-06,-4.97192e-06
35,22,0.000944604,0.000686855
35,23,-0.000869663,3.80416e-05
35,24,8.83819e-05,2.78446e-05
35,25,-0.000285177,-5.41977e-05
35,26,0.00028213,2.82316e-05
35,27,0.000172175,5.98326e-05
35,28,0.000237214,0.000520625
35,29,3.40981e-05,-1.83544e-05
36,0,0.000874614,0.000900348
36,1,4.72683e-05,9.41842e-05
36,2,4.67652e-05,6.40823e-06
36,3,-0.00055507,-0.00111502
36,4,0.000904598,0.00124518
36,5,2.48231e-05,4.47007e-05
36,6,-7.15085e-05,-0.000110174
36,7,1.201e-05,-7.34556e-05
36,8,-0.000334596,-0.000178922
36,9,1.9009e-05,-0.000135247
36,10,3.34181e-05,1.41377e-05
36,11,-6.73069e-05,6.28589e-05
36,12,-0.000757513,-8.26901e-05
36,13,-1.83492e-05,3.30877e-05
36,14,0.000313618,0.000731247
36,15,0.000252591,-0.0113679
36,16,3.77709e-05,7.2647e-05
36,17,1.27396e-05,-9.46769e-06
36,18,1.65372e-05,-1.01118e-05
36,19,3.21215e-05,-6.99182e-05
36,20,0.000601528,-0.000475401
36,21,4.21713e-06,0.000126184
36,22,-0.000121789,-5.50169e-05
36,23,-0.000819878,3.18246e-05
36,24,-5.23222e-07,-2.18504e-05
36,25,-0.000201589,-4.13162e-05
36,26,-0.000611125,-6.05927e-05
36,27,0.000112642,3.22481e-05
36,28,-0.000355713,0.0022277
36,29,0.00110255,-0.000183288
37,0,-0.000318063,-0.000322845
37,1,0.000118778,0.000266434
37,2,-2.80994e-05,-5.5606e-06
37,3,-3.50345e-05,-0.000117047
37,4,0.000633172,0.000844561
37,5,1.91421e-05,2.6861e-05
37,6,-2.19434e-05,-4.47283e-05
37,7,-3.46895e-06,-5.11736e-06
37,8,0.000731889,8.45327e-05
37,9,4.53122e-06,-1.94742e-05
37,10,-3.81301e-05,-1.74033e-05
37,11,3.50407e-05,-4.93573e-05
37,12,0.000743665,6.99275e-05
37,13,-4.33401e-05,2.96329e-05
37,14,0.000314571,0.00074869
37,15,0.000210113,-0.0125394
37,16,-3.4899e-05,-6.42232e-05
37,17,1.35124e-05,-1.69853e-05
37,18,2.57754e-05,-2.05704e-05
37,19,1.90255e-05,-3.56172e-05
37,20,-0.00112404,0.000107685
37,21,7.24929e-06,-3.87801e-05
37,22,-0.000606703,-0.000407137
37,23,0.000998123,-8.05977e-05
37,24,-4.23618e-05,-4.05282e-05
37,25,-3.5515e-06,-1.42364e-05
37,26,0.000344266,4.07257e-05
37,27,-2.1169e-05,-1.80726e-05
37,28,0.000200821,0.000425927
37,29,-0.000117195,1.76277e-05
38,0,-0.000584307,-0.000601059
38,1,-9.1096e-05,-0.000211777
38,2,-2.21095e-05,-7.5989e-06
38,3,0.000235169,0.000418057
38,4,4.57156e-05,-1.94506e-05
38,5,1.49152e-05,7.47696e-06
38,6,-5.61409e-07,7.29168e-06
38,7,-1.12084e-05,2.90518e-05
38,8,0.000441983,6.95228e-05
38,9,-9.53976e-06,5.06727e-05
38,10,2.94017e-05,1.4021e-05
38,11,3.74824e-05,-4.94819e-05
38,12,0.00124657,0.000121183
38,13,-1.66937e-05,1.26389e-05
38,14,-8.82063e-05,-0.000225772
38,15,-0.000227856,0.00787127
38,16,-6.209e-05,-0.000115462
38,17,5.288e-08,3.53961e-06
38,18,7.46079e-06,-9.20283e-06
38,19,-2.60071e-05,7.1873e-05
38,20,-0.00104329,5.58227e-05
38,21,5.20458e-06,-7.57059e-05
38,22,-0.000261912,-0.000181477
38,23,-0.000108939,-1.32041e-05
38,24,-5.46249e-05,-4.42591e-05
38,25,9.55839e-05,1.21949e-05
38,26,-0.000164593,-1.92839e-05
38,27,-8.79971e-05,-4.31764e-05
38,28,0.00039206,-0.000658582
38,29,-0.000603482,9.04036e-05
39,0,0.000188091,0.000200558
39,1,-0.000121353,-0.000279984
39,2,4.27278e-05,2.595e-05
39,3,-0.000286588,-0.000541058
39,4,-0.000281822,-0.000434434
39,5,-2.78775e-07,-5.68035e-06
39,6,1.0461e-05,3.12775e-05
39,7,1.01801e-05,-3.02128e-05
39,8,-0.000173076,-0.000180577
39,9,6.00202e-06,-2.58824e-05
39,10,3.32664e-05,1.97108e-05
39,11,2.52437e-05,-3.46665e-05
39,12,-0.00012162,-9.46643e-06
39,13,8.79131e-06,-2.46624e-06
39,14,-4.91772e-05,-0.000210201
39,15,-2.32347e-05,-0.00374957
39,16,1.6344e-05,3.49754e-05
39,17,-6.67686e-06,1.38021e-05
39,18,-1.16669e-05,1.36311e-05
39,19,-5.61062e-06,5.07635e-05
39,20,0.000412246,-0.000315487
39,21,4.57945e-06,-1.35911e-05
39,22,0.000255541,0.000212659
39,23,-0.000537211,3.73304e-05
39,24,6.21602e-05,2.54975e-05
39,25,-3.26785e-05,-7.02888e-06
39,26,-0.000305093,-3.34955e-05
39,27,2.45032e-05,9.59524e-06
39,28,-0.000105135,-0.000102562
39,29,0.00100622,-0.000165317
40,0,0.000363549,0.000380561
40,1,0.000190815,0.000425777
40,2,-2.38284e-05,-6.44024e-06
40,3,-0.000120114,-0.000256088
40,4,0.000181388,0.000212829
40,5,-7.7571e-06,-8.96059e-06
40,6,1.29491e-05,3.56187e-05
40,7,-1.09617e-06,2.38228e-06
40,8,-0.000364023,-0.000181645
40,9,7.86889e-06,-3.58579e-05
40,10,2.70443e-06,3.50122e-06
40,11,1.66049e-05,-2.34376e-05
40,12,-0.00064816,-5.79497e-05
40,13,1.02533e-05,-2.26582e-06
40,14,0.000119751,0.000255677
40,15,-1.56472e-05,-0.00640313
40,16,3.88229e-05,7.78961e-05
40,17,9.84252e-06,-1.1389e-05
40,18,6.80837e-06,-5.15973e-06
40,19,1.57911e-05,-1.60775e-05
40,20,0.000482032,-3.75523e-05
40,21,5.7628e-06,2.95206e-05
40,22,0.000407058,0.000330291
40,23,-0.00016655,2.25903e-05
40,24,7.13011e-08,-2.23566e-06
40,25,-6.4061e-05,-9.96843e-06
40,26,-0.00024961,-2.56522e-05
40,27,4.96289e-05,2.82725e-05
40,28,-0.000326158,0.000203262
40,29,-0.000633397,9.98434e-05
41,0,-5.35138e-05,-5.56591e-05
41,1,0.000267488,0.000596704
41,2,-3.79699e-05,-1.5462e-05
41,3,0.000131978,0.000238393
41,4,0.000100703,8.10025e-05
41,5,2.59217e-06,-2.21812e-07
41,6,1.4138e-06,9.58034e-06
41,7,-5.53928e-06,1.39528e-05
41,8,-0.000397938,-0.000175256
41,9,-1.09961e-06,2.89049e-06
41,10,-1.457e-05,-8.94668e-06
41,11,-8.94895e-06,9.40694e-06
41,12,0.000474562,4.05432e-05
41,13,-3.54646e-06,-2.33905e-06
41,14,5.74745e-06,-3.97949e-05
41,15,-0.000100883,0.00376378
41,16,1.42854e-05,3.05927e-05
41,17,2.69443e-06,-2.41741e-06
41,18,6.92782e-06,-1.05976e-05
41,19,2.27727e-05,-4.2093e-05
41,20,-0.000224601,-0.000162114
41,21,7.5301e-06,2.74635e-06
41,22,-0.000502167,-0.00037646
41,23,0.000306567,-5.99152e-05
41,24,-3.09731e-05,-1.61022e-05
41,25,2.56383e-05,-6.08682e-06
41,26,9.00562e-05,6.22592e-06
41,27,2.02307e-05,9.12365e-06
41,28,-0.000155683,6.19877e-05
41,29,-0.000877807,0.000137549
42,0,-0.000188131,-0.000200078
42,1,-2.33382e-05,-5.80032e-05
42,2,1.93589e-05,1.6121e-05
42,3,-1.04146e-05,-7.03765e-05
42,4,-0.00016458,-0.000248395
42,5,6.27331e-06,2.95447e-06
42,6,-6.21743e-06,-9.67493e-06
42,7,-5.03882e-06,1.26313e-05
42,8,-0.000312847,-0.000151248
42,9,-5.47064e-06,2.1769e-05
42,10,-1.66433e-05,-1.13523e-05
42,11,-1.28209e-05,1.43354e-05
42,12,9.19659e-05,9.21638e-06
42,13,-8.94554e-06,-2.33277e-06
42,14,-2.56891e-05,-0.000141721
42,15,-0.000113342,0.000287053
42,16,-1.82519e-05,-3.98704e-05
42,17,-8.19055e-06,1.02458e-05
42,18,-9.69402e-07,4.22505e-06
42,19,-1.1382e-05,2.07776e-05
42,20,-0.000391024,-9.14008e-05
42,21,6.37154e-06,-1.20048e-05
42,22,5.3173e-05,6.94242e-05
42,23,-9.18734e-06,-6.87949e-06
42,24,3.40312e-05,1.29332e-05
42,25,3.34651e-05,7.48979e-07
42,26,0.000152432,1.20604e-05
42,27,-2.13907e-05,-1.56208e-05
42,28,6.03987e-05,-8.58054e-05
42,29,0.00011799,-2.42963e-05
43,0,0.00012231,0.00012744
43,1,-0.000147664,-0.000335121
43,2,6.298e-06,5.70161e-07
43,3,-6.83249e-05,-0.000138423
43,4,7.26896e-05,6.86103e-05
43,5,1.15861e-06,-1.3886e-06
43,6,-6.26439e-06,-9.57868e-06
43,7,-7.59245e-07,1.11369e-06
43,8,0.000211077,-2.68359e-05
43,9,-1.65532e-06,5.22678e-06
43,10,3.6e-06,2.83958e-06
43,11,1.3403e-06,-3.8517e-06
43,12,-0.000116326,-8.56484e-06
43,13,-6.1232e-06,-2.3243e-06
43,14,4.7202e-05,0.000105853
43,15,-7.67984e-05,-0.00156042
43,16,1.46314e-05,2.93077e-05
43,17,2.98937e-06,-1.18962e-06
43,18,-4.26441e-06,7.57881e-06
43,19,-2.02238e-05,5.11216e-05
43,20,-0.000360143,-6.35668e-05
43,21,1.15671e-06,-4.51691e-06
43,22,0.000268572,0.000208333
43,23,-0.000166906,1.97179e-05
43,24,1.03212e-06,-1.80649e-06
43,25,8.90363e-07,-1.01031e-05
43,26,0.000143881,1.12492e-05
43,27,3.30085e-05,1.76358e-05
43,28,0.000144747,-0.000126881
43,29,0.000443303,-7.36386e-05
44,0,-0.000130386,-0.000131402
44,1,-3.66592e-05,-7.94852e-05
44,2,-7.05768e-07,-7.16883e-06
44,3,6.10971e-06,3.22625e-05
44,4,0.000123009,0.000120352
44,5,-3.32376e-06,-1.04849e-06
44,6,5.47408e-07,8.58437e-06
44,7,1.38054e-06,-4.64514e-06
44,8,0.000179116,7.415e-05
44,9,1.53352e-06,-8.67821e-06
44,10,1.01032e-05,9.671e-06
44,11,5.97492e-06,-7.16054e-06
44,12,-7.25435e-06,6.87173e-07
44,13,5.10282e-06,2.09054e-06
44,14,1.84878e-05,3.50919e-05
44,15,-4.97493e-05,0.000812849
44,16,8.15915e-06,2.1921e-05
44,17,8.25774e-06,-6.70971e-06
44,18,-4.68661e-06,7.14788e-06
44,19,2.60203e-05,-1.71004e-05
44,20,0.0002837,-5.60362e-05
44,21,-2.0391e-06,9.56218e-07
44,22,0.000164527,0.000121803
44,23,3.26034e-05,-1.10327e-05
44,24,-1.74241e-05,-5.98673e-06
44,25,-1.55892e-05,-1.42224e-05
44,26,8.81038e-05,7.00168e-06
44,27,8.89927e-06,6.26296e-06
44,28,3.69604e-06,-6.20724e-06
44,29,-0.000312847,4.51766e-05
45,0,-0.000142119,-0.00014539
45,1,2.58002e-05,5.97112e-05
45,2,-6.63685e-07,-1.8717e-06
45,3,3.94343e-05,9.9953e-05
45,4,6.88472e-05,9.26983e-06
45,5,1.36307e-06,-4.65271e-07
45,6,2.25719e-06,1.52577e-05
45,7,5.07191e-07,-2.29468e-06
45,8,4.68338e-05,7.74199e-05
45,9,-7.80906e-07,1.22798e-06
45,10,1.12247e-05,1.13272e-05
45,11,-2.9587e-07,-1.21033e-06
45,12,5.38871e-05,5.74695e-06
45,13,-7.3184e-06,-3.06877e-06
45,14,-3.21555e-06,-3.8069e-05
45,15,-3.20871e-05,0.000771135
45,16,-6.1147e-06,-7.52425e-06
45,17,2.55137e-06,-1.24179e-06
45,18,9.33939e-07,-1.004e-06
45,19,-4.63613e-06,4.98473e-06
45,20,-0.000203048,-0.000139586
45,21,-2.17281e-06,3.87293e-06
45,22,-0.000121728,-7.01761e-05
45,23,2.85878e-05,-3.52509e-06
45,24,-1.98941e-05,-5.35935e-06
45,25,-2.45607e-06,-7.65102e-06
45,26,-8.91664e-06,2.97294e-07
45,27,-1.00176e-05,-3.08196e-06
45,28,-6.98025e-05,5.90153e-05
45,29,-0.000419369,6.43035e-05
46,0,0.000103477,0.000102754
46,1,1.15851e-05,2.24397e-05
46,2,-1.62999e-07,1.63931e-06
46,3,1.52088e-05,3.08477e-05
46,4,-4.56252e-05,-8.3256e-05
46,5,2.64278e-06,-6.51388e-07
46,6,2.49284e-07,1.64021e-06
46,7,-1.02909e-06,8.4972e-07
46,8,-2.5526e-05,6.86799e-05
46,9,-1.74445e-06,5.2075e-06
46,10,3.18119e-06,3.49848e-06
46,11,-3.43126e-06,1.76477e-06
46,12,-6.19759e-05,-7.27894e-06
46,13,-2.95041e-06,-2.87296e-06
46,14,8.72992e-06,-4.03072e-05
46,15,-6.24187e-05,2.99926e-05
46,16,-7.78488e-06,-1.6315e-05
46,17,-8.59878e-07,1.49834e-06
46,18,3.34214e-06,-5.14739e-06
46,19,-1.91614e-05,1.48812e-05
46,20,-0.000358343,-0.000121247
46,21,5.43366e-07,-4.31648e-06
46,22,0.000113629,0.000104856
46,23,-1.24317e-05,-2.02695e-06
46,24,8.54021e-06,1.44659e-07
46,25,4.61195e-06,-2.87014e-06
46,26,-4.59696e-05,-5.05857e-06
46,27,-1.71918e-05,-7.31467e-06
46,28,6.64944e-05,-6.0188e-05
46,29,-0.000269309,3.98079e-05
47,0,-8.78629e-05,-8.95048e-05
47,1,-7.57433e-06,-2.01862e-05
47,2,-5.10707e-08,4.26268e-07
47,3,-2.42956e-05,-3.58567e-05
47,4,6.19888e-05,2.99112e-05
47,5,-1.66937e-06,-1.15316e-06
47,6,-1.06406e-06,-6.7863e-06
47,7,-9.13279e-07,-6.16297e-08
47,8,-5.13159e-05,3.55285e-05
47,9,1.23434e-06,-7.71395e-06
47,10,-3.21263e-06,-3.24044e-06
47,11,-8.4723e-07,-6.87161e-07
47,12,-1.83554e-05,-2.69202e-06
47,13,-3.73274e-07,-2.52881e-06
47,14,4.06854e-05,9.87481e-06
47,15,-2.22886e-05,-0.000368353
47,16,2.03821e-06,6.05247e-06
47,17,-1.84128e-06,-6.09706e-07
47,18,2.32629e-06,-3.66635e-06
47,19,-2.57767e-06,1.58459e-06
47,20,-7.33857e-05,-6.04696e-05
47,21,5.48928e-07,-4.52596e-06
47,22,1.03123e-05,1.05877e-05
47,23,-1.516e-05,-2.68006e-06
47,24,1.6827e-05,1.79389e-06
47,25,4.02413e-06,9.14284e-07
47,26,3.91672e-05,3.37887e-06
47,27,8.13873e-06,1.8527e-06
47,28,3.34665e-05,-3.21711e-05
47,29,2.05261e-05,-6.89732e-06
48,0,-0.000116114,-0.000117271
48,1,-5.99387e-06,-1.09222e-05
48,2,4.8936e-09,-1.80253e-07
48,3,1.92752e-05,5.42227e-05
48,4,6.91905e-05,4.16e-05
48,5,-3.33837e-06,-1.24497e-06
48,6,2.47627e-07,1.91538e-06
48,7,-1.32062e-07,-1.08005e-07
48,8,5.48119e-06,-2.8767e-05
48,9,7.72033e-07,-4.36342e-06
48,10,-3.16524e-06,-2.88652e-06
48,11,1.55232e-06,-3.64241e-07
48,12,1.29271e-05,1.695e-06
48,13,1.39636e-06,2.05534e-06
48,14,5.24037e-05,3.39083e-05
48,15,2.54805e-07,0.000143779
48,16,5.57706e-06,1.35397e-05
48,17,4.3592e-07,1.83505e-06
48,18,-2.0728e-06,4.06173e-06
48,19,6.05515e-06,-5.22004e-06
48,20,0.000108136,2.34039e-06
48,21,-6.79288e-07,2.75062e-06
48,22,-5.19372e-05,-4.69313e-05
48,23,4.85719e-06,-2.06071e-06
48,24,-1.49401e-05,-2.33671e-06
48,25,-1.18698e-06,2.21765e-06
48,26,1.43258e-05,2.64121e-06
48,27,1.63581e-05,5.66203e-06
48,28,-2.40818e-05,2.09364e-05
48,29,0.000144729,-2.28772e-05
49,0,6.84241e-05,6.78851e-05
49,1,-4.55686e-06,-5.09695e-06
49,2,-3.37903e-08,-4.48345e-07
49,3,7.49827e-07,1.02928e-06
49,4,-5.73686e-05,-0.0001006
49,5,-3.65615e-06,-1.14882e-06
49,6,8.20076e-07,5.70628e-06
49,7,2.58547e-07,-1.31193e-07
49,8,3.09297e-05,-4.58529e-05
49,9,-1.58289e-06,5.58349e-06
49,10,3.16723e-07,4.58356e-07
49,11,1.03257e-06,-1.69223e-07
49,12,-1.20692e-05,2.14387e-07
49,13,2.03479e-07,1.40662e-06
49,14,3.70738e-05,1.86783e-05
49,15,-4.29189e-05,0.000239921
49,16,2.07812e-06,5.94691e-06
49,17,8.12794e-07,2.65078e-06
49,18,-2.40945e-06,4.77087e-06
49,19,6.45793e-06,-5.3979e-06
49,20,-6.18943e-05,-5.3899e-05
49,21,-2.06382e-06,4.30057e-06
49,22,-3.47804e-05,-3.16812e-05
49,23,1.46717e-05,-1.67507e-06
49,24,3.71124e-06,-1.26996e-06
49,25,-2.28318e-06,-4.58164e-07
49,26,-3.06866e-05,-2.29937e-06
49,27,1.03925e-05,3.5938e-06
49,28,-2.54787e-05,2.09054e-05
49,29,0.000129205,-1.94857e-05
50,0,6.12578e-05,6.1327e-05
50,1,2.76246e-06,5.25806e-06
50,2,-1.33836e-07,1.87054e-07
50,3,-8.80078e-06,-2.59387e-05
50,4,2.30912e-05,-5.10226e-05
50,5,5.07392e-06,7.89338e-07
50,6,8.84316e-07,6.12438e-06
50,7,2.52241e-07,-1.30818e-07
50,8,2.15794e-05,-3.58402e-05
50,9,-1.90791e-06,6.5547e-06
50,10,1.51558e-06,1.44665e-06
50,11,1.01522e-07,-3.64342e-08
50,12,-1.2862e-05,-4.18161e-07
50,13,-4.35756e-07,8.89089e-07
50,14,-1.48989e-05,-1.86717e-05
50,15,-3.22244e-05,-4.15912e-05
50,16,-2.38776e-06,-5.29124e-06
50,17,-1.06986e-06,5.86837e-07
50,18,3.29394e-06,-6.02431e-06
50,19,-6.36437e-06,4.74507e-06
50,20,-0.000131931,-6.89733e-05
50,21,-1.50984e-08,-3.02278e-06
50,22,9.37135e-06,8.77223e-06
50,23,1.76521e-07,-2.25093e-08
50,24,7.40967e-06,-6.67507e-09
50,25,-1.72451e-06,-1.61591e-06
50,26,-3.74511e-05,-2.94777e-06
50,27,-9.49294e-06,-4.41997e-06
50,28,8.93992e-06,-1.03748e-05
50,29,-4.1994e-05,1.15552e-06
51,0,4.12902e-06,3.92157e-06
51,1,3.77205e-06,5.16271e-06
51,2,-5.62467e-08,3.3787e-07
51,3,1.15661e-05,3.25075e-05
51,4,7.84138e-05,6.24283e-05
51,5,1.36594e-06,5.19644e-08
51,6,-6.41662e-07,-5.3866e-06
51,7,-3.88542e-07,2.7362e-08
51,8,1.3075e-05,-2.84989e-05
51,9,8.50608e-07,-4.07376e-06
51,10,-1.43491e-07,-1.62624e-07
51,11,-3.64001e-07,2.99601e-08
51,12,4.5981e-06,5.43138e-07
51,13,-7.36628e-07,5.98033e-07
51,14,-4.04702e-05,-3.68312e-05
51,15,-1.75204e-05,-0.000170319
51,16,-2.11194e-06,-5.61439e-06
51,17,-1.20684e-06,-8.73115e-07
51,18,-1.31922e-06,3.43204e-06
51,19,-1.97621e-06,1.68257e-06
51,20,4.29887e-06,2.03735e-07
51,21,-1.25191e-06,-1.76615e-06
51,22,2.46492e-05,2.25391e-05
51,23,-7.1327e-06,7.92323e-07
51,24,-2.83765e-06,-7.69023e-07
51,25,-1.13811e-06,-1.5218e-06
51,26,-2.64628e-05,-1.89462e-06
51,27,-2.27697e-06,-1.29944e-06
51,28,1.59738e-05,-1.65126e-05
51,29,-5.13213e-06,1.16479e-06
52,0,-2.89763e-05,-2.92438e-05
52,1,7.17905e-07,1.97059e-07
52,2,2.36914e-07,-4.27219e-07
52,3,1.37535e-05,3.89286e-05
52,4,2.60411e-05,-8.4644e-06
52,5,-7.83736e-07,-3.37394e-07
52,6,-1.2855e-06,-1.0267e-05
52,7,-2.94897e-07,1.37036e-08
52,8,-3.33944e-06,-1.26984e-05
52,9,-2.52558e-07,-1.13234e-06
52,10,-9.20174e-07,-9.40037e-07
52,11,-3.43201e-07,2.69936e-08
52,12,9.90501e-06,5.82572e-07
52,13,-7.82022e-07,3.7299e-07
52,14,1.06674e-05,6.08243e-06
52,15,-2.84757e-05,-2.79565e-05
52,16,1.21494e-06,2.72261e-06
52,17,2.99335e-07,9.00479e-07
52,18,1.18592e-06,-2.13521e-06
52,19,2.30896e-06,-1.57874e-06
52,20,6.96392e-05,3.46335e-05
52,21,-1.46746e-06,-6.22978e-07
52,22,1.72827e-05,1.58459e-05
52,23,-2.82992e-06,3.09371e-07
52,24,-3.13518e-06,-1.05942e-06
52,25,-2.45627e-07,-7.56672e-07
52,26,1.54423e-05,2.26532e-06
52,27,1.4049e-06,3.00066e-07
52,28,-3.95452e-06,1.36972e-06
52,29,1.89321e-05,-1.23528e-07
53,0,-2.68665e-06,-2.90085e-06
53,1,-9.22629e-07,-2.32874e-06
53,2,2.57519e-07,-4.75865e-07
53,3,-2.12842e-05,-6.19852e-05
53,4,-3.7337e-05,-3.18269e-05
53,5,-1.1469e-06,-2.90125e-07
53,6,2.49149e-07,1.33572e-06
53,7,4.79221e-07,-1.96496e-07
53,8,-9.67234e-06,2.09898e-06
53,9,-3.23618e-07,1.82563e-06
53,10,1.22238e-07,6.83471e-08
53,11,2.99677e-07,-6.46957e-08
53,12,-2.19776e-06,-5.72137e-08
53,13,-9.01461e-08,-7.06565e-08
53,14,2.2827e-05,1.97737e-05
53,15,-1.36825e-06,7.50607e-05
53,16,2.7619e-06,6.60247e-06
53,17,7.73039e-07,4.64021e-07
53,18,1.01761e-06,-1.58024e-06
53,19,-4.5154e-06,3.4155e-06
53,20,-1.97532e-05,-1.09203e-05
53,21,-1.37699e-06,2.27169e-08
53,22,-4.09686e-06,-3.50785e-06
53,23,1.5985e-06,-2.00518e-07
53,24,5.86546e-07,-1.83795e-06
53,25,4.97347e-07,2.41533e-07
53,26,1.34985e-05,1.46959e-06
53,27,1.61326e-06,6.78327e-07
53,28,-1.37194e-05,1.02418e-05
53,29,1.02509e-05,-1.11892e-08
54,0,1.30971e-05,1.29816e-05
54,1,-5.17003e-07,-8.74019e-07
54,2,-2.07866e-07,4.02525e-07
54,3,-5.20839e-06,-1.59986e-05
54,4,2.52579e-05,7.77364e-06
54,5,-5.82902e-07,-1.65219e-07
54,6,8.44029e-07,5.53423e-06
54,7,4.33115e-07,-2.20852e-07
54,8,-6.86318e-06,8.1921e-06
54,9,9.97019e-08,-1.19084e-06
54,10,6.42112e-07,5.65802e-07
54,11,3.71831e-07,-7.49865e-08
54,12,-6.6086e-06,-3.6228e-07
54,13,2.56246e-07,-2.92399e-07
54,14,-9.7926e-06,-9.47328e-06
54,15,2.60256e-06,4.32845e-05
54,16,1.30345e-06,2.95825e-06
54,17,8.13564e-07,9.94775e-08
54,18,-2.91511e-07,8.72609e-07
54,19,-4.62045e-07,4.5636e-07
54,20,-2.35405e-05,-1.27815e-05
54,21,5.40212e-08,2.90123e-07
54,22,-1.15142e-05,-1.04789e-05
54,23,9.43169e-07,-1.16385e-07
54,24,2.1818e-06,-1.24068e-06
54,25,6.55098e-07,5.9054e-07
54,26,-8.73703e-06,-4.9408e-07
54,27,1.49863e-06,7.5815e-07
54,28,4.29384e-06,-4.40509e-06
54,29,-1.78419e-06,2.00964e-07
55,0,5.44144e-06,5.30923e-06
55,1,1.86766e-06,2.13435e-06
55,2,1.80086e-07,-3.02106e-07
55,3,9.65447e-06,2.7438e-05
55,4,3.53986e-05,2.10055e-05
55,5,-2.16572e-08,-5.02209e-08
55,6,4.20129e-08,-4.7919e-07
55,7,-7.99616e-07,1.68693e-07
55,8,2.0518e-07,1.26832e-06
55,9,5.84779e-08,-2.38087e-06
55,10,3.57832e-07,2.08363e-07
55,11,3.15248e-08,-2.6451e-08
55,12,-3.1418e-06,-2.33116e-07
55,13,-4.03299e-08,1.08617e-07
55,14,-1.60886e-05,-1.47617e-05
55,15,-8.89403e-06,-2.62047e-05
55,16,4.41034e-07,7.82695e-07
55,17,2.17414e-07,-2.00453e-07
55,18,-7.58458e-07,1.6651e-06
55,19,2.15225e-06,-1.53703e-06
55,20,4.55556e-05,2.1891e-05
55,21,7.85317e-07,3.15284e-07
55,22,7.39022e-06,6.67335e-06
55,23,-6.79252e-07,5.2622e-08
55,24,-1.02593e-07,-2.97969e-07
55,25,3.01392e-07,2.56924e-07
55,26,-1.20246e-05,-1.07048e-06
55,27,6.41595e-07,-2.08985e-07
55,28,9.16964e-06,-7.94859e-06
55,29,-7.34812e-06,2.49937e-07
56,0,-2.38896e-06,-2.47826e-06
56,1,-5.68151e-07,-1.12445e-06
56,2,6.43458e-08,-2.25532e-07
56,3,4.22125e-06,1.16315e-05
56,4,-1.02068e-05,-4.07058e-06
56,5,2.60799e-07,8.09759e-09
56,6,-3.59813e-07,-3.45061e-06
56,7,-4.72643e-07,9.79685e-08
56,8,3.64309e-06,-2.91138e-06
56,9,-1.99117e-07,-6.23887e-07
56,10,-3.94339e-07,-3.66211e-07
56,11,-1.38628e-07,-2.18329e-09
56,12,2.71222e-06,1.2277e-07
56,13,-2.03386e-07,1.03814e-07
56,14,9.37906e-06,7.45703e-06
56,15,-1.12783e-05,-5.10827e-05
56,16,-5.92745e-07,-1.4957e-06
56,17,-2.86957e-07,-1.57315e-07
56,18,4.71453e-07,-8.21179e-07
56,19,-7.3632e-08,8.34188e-09
56,20,2.38741e-05,1.03168e-05
56,21,-5.42305e-07,7.7675e-09
56,22,9.84066e-06,8.98548e-06
56,23,-1.15101e-06,1.02764e-07
56,24,-1.12712e-06,4.116e-07
56,25,-1.02989e-07,-1.488e-07
56,26,-3.73318e-06,-4.4232e-07
56,27,-2.63755e-08,-6.20909e-07
56,28,-3.04512e-07,-4.44932e-07
56,29,6.15976e-07,-3.85782e-09
57,0,-2.90065e-06,-2.92445e-06
57,1,2.01714e-07,-4.01399e-07
57,2,-7.7717e-08,-1.10961e-07
57,3,-3.93103e-06,-1.16351e-05
57,4,-2.84293e-05,-1.47994e-05
57,5,-4.83273e-08,-4.65839e-08
57,6,1.29809e-07,6.87037e-07
57,7,2.9505e-07,-9.18727e-08
57,8,1.12767e-07,1.05913e-06
57,9,-1.70009e-07,6.63634e-07
57,10,1.5053e-07,1.05716e-07
57,11,-7.07357e-10,-2.1854e-08
57,12,1.75916e-06,9.50948e-08
57,13,-1.19027e-07,-1.01561e-08
57,14,1.3192e-05,1.14245e-05
57,15,-2.52616e-06,2.40755e-06
57,16,5.51635e-07,1.1419e-06
57,17,3.0532e-07,-9.12817e-08
57,18,-5.52893e-07,1.30913e-06
57,19,-1.08005e-06,7.45783e-07
57,20,-2.69124e-05,-1.34616e-05
57,21,-3.94443e-07,-1.21928e-07
57,22,-2.9591e-06,-2.48981e-06
57,23,4.66694e-07,-5.79613e-08
57,24,-2.28401e-07,7.64883e-08
57,25,-2.94906e-07,-3.42319e-07
57,26,5.41887e-06,4.24786e-07
57,27,-3.4653e-07,-6.84869e-07
57,28,-5.02999e-06,3.32134e-06
57,29,3.7868e-06,-1.62115e-07
58,0,-1.82626e-07,-2.36191e-07
58,1,5.15928e-07,9.27232e-08
58,2,-1.36326e-07,-3.93013e-08
58,3,-1.37152e-06,-4.93e-06
58,4,4.86939e-06,2.03538e-06
58,5,-1.40094e-07,-6.59048e-08
58,6,2.4708e-07,1.19922e-06
58,7,4.2174e-07,-1.50386e-07
58,8,-1.77211e-06,1.90395e-06
58,9,-3.89983e-08,-8.30176e-07
58,10,2.63893e-07,2.02863e-07
58,11,6.8253e-08,-3.16893e-08
58,12,-1.73217e-07,-1.54887e-08
58,13,-1.00565e-08,-1.14682e-07
58,14,1.08799e-05,9.17994e-06
58,15,2.73541e-06,2.83008e-05
58,16,6.17439e-07,1.27748e-06
58,17,5.37201e-07,-1.34067e-07
58,18,-6.72797e-07,1.60167e-06
58,19,-8.18297e-08,3.79613e-08
58,20,-3.77425e-05,-1.84637e-05
58,21,2.73103e-07,-2.18307e-08
58,22,-8.60185e-06,-7.59583e-06
58,23,7.27384e-07,-8.91736e-08
58,24,2.68189e-07,-1.11466e-07
58,25,-2.99292e-07,-3.43065e-07
58,26,-7.49108e-06,-7.1759e-07
58,27,-1.29115e-07,-3.37153e-07
58,28,1.85739e-06,-1.27937e-06
58,29,-2.78564e-06,9.77543e-08
59,0,1.39153e-06,1.36142e-06
59,1,1.67149e-07,1.22265e-07
59,2,-1.27276e-08,-1.66582e-08
59,3,3.47775e-06,9.83338e-06
59,4,1.54832e-05,7.90324e-06
59,5,1.1187e-07,6.34811e-10
59,6,7.99347e-08,3.10821e-07
59,7,-4.91905e-07,-5.77088e-08
59,8,1.40888e-07,5.80099e-07
59,9,-1.51962e-07,-5.4219e-07
59,10,2.11783e-07,1.50238e-07
59,11,5.67451e-09,-2.27642e-08
59,12,-1.10169e-06,-7.21724e-08
59,13,-1.87634e-08,-1.00491e-07
59,14,7.13646e-06,5.84477e-06
59,15,2.04257e-07,-5.86393e-06
59,16,1.10923e-07,3.62444e-08
59,17,2.24396e-07,-1.7108e-07
59,18,-1.07209e-07,5.09024e-07
59,19,5.11943e-07,-3.8896e-07
59,20,5.05231e-05,2.22492e-05
59,21,2.19834e-07,2.81852e-08
59,22,-1.122e-06,-1.03222e-06
59,23,-4.27776e-07,2.04314e-08
59,24,-2.39916e-07,7.78923e-08
59,25,2.75495e-08,-4.66914e-09
59,26,-9.05248e-06,-8.58027e-07
59,27,-6.23546e-09,-1.28496e-07
59,28,3.48226e-06,-2.79531e-06
59,29,-2.46529e-06,9.21032e-08
60,0,6.55749e-07,6.45547e-07
60,1,-6.04255e-08,9.59593e-08
60,2,4.90713e-08,-5.33666e-09
60,3,5.6319e-07,1.45848e-06
60,4,7.51378e-06,3.98889e-06
60,5,1.44032e-07,-1.59931e-09
60,6,-3.00442e-08,-2.26699e-07
60,7,-1.72455e-07,-6.0155e-08
60,8,1.04747e-06,-2.75748e-07
60,9,-4.7458e-08,2.09434e-07
60,10,-1.82007e-07,-1.58143e-07
60,11,-4.30649e-08,-1.27136e-08
60,12,-1.10273e-07,-2.25377e-08
60,13,-1.63972e-08,-6.50269e-11
60,14,-4.99215e-06,-4.23217e-06
60,15,-2.09977e-06,-1.96534e-05
60,16,-2.78838e-07,-6.42773e-07
60,17,1.70383e-08,-1.56403e-07
60,18,2.65103e-07,-5.35371e-07
60,19,-5.88976e-07,3.66546e-07
60,20,6.21968e-05,2.79564e-05
60,21,9.37745e-08,3.40217e-08
60,22,3.93757e-06,3.45775e-06
60,23,-2.04452e-07,1.45063e-08
60,24,-1.5457e-07,3.13712e-08
60,25,1.67511e-07,1.57546e-07
60,26,5.85278e-07,-7.00584e-08
60,27,5.32068e-08,1.0242e-08
60,28,-4.10178e-06,2.25132e-06
60,29,4.43912e-06,-1.51996e-07
61,0,-6.74322e-07,-7.06005e-07
61,1,-1.08258e-07,-6.10384e-08
61,2,-9.29543e-08,-8.61712e-09
61,3,-1.44679e-06,-4.31121e-06
61,4,-9.56317e-06,-5.32616e-06
61,5,-1.25512e-07,-3.93008e-08
61,6,-7.75059e-08,-3.70445e-07
61,7,2.24939e-07,-5.85736e-08
61,8,3.46421e-07,-2.54741e-07
61,9,1.27412e-08,5.31642e-07
61,10,-6.01299e-08,-6.38348e-08
61,11,-1.11983e-08,-5.5198e-09
61,12,4.61564e-07,2.05044e-08
61,13,-1.52142e-08,5.01481e-08
61,14,-6.05144e-06,-5.01365e-06
61,15,-1.37849e-06,2.84602e-05
61,16,2.77498e-07,4.97922e-07
61,17,-1.27028e-07,3.97769e-08
61,18,-2.19739e-07,4.67831e-07
61,19,-7.59819e-07,4.80622e-07
61,20,-1.22908e-05,-7.66799e-06
61,21,-1.88991e-09,2.68429e-08
61,22,1.43629e-07,1.35652e-07
61,23,6.13875e-07,-5.41338e-08
61,24,-9.52903e-08,4.33231e-09
61,25,-1.18713e-07,-1.115e-07
61,26,5.16336e-06,3.51938e-07
61,27,7.08401e-09,6.83798e-08
61,28,2.79619e-06,-1.84756e-06
61,29,1.01281e-06,-3.84884e-08
62,0,1.374e-07,1.28756e-07
62,1,2.43837e-09,9.14081e-08
62,2,-1.9021e-08,-1.48751e-08
62,3,-1.11169e-06,-3.8126e-06
62,4,5.00667e-06,2.35906e-06
62,5,-1.68953e-07,-3.7806e-08
62,6,3.36273e-08,1.52755e-07
62,7,9.45696e-09,-8.78997e-08
62,8,-3.28511e-07,-1.81607e-08
62,9,-4.32308e-08,-8.28657e-08
62,10,3.43509e-08,2.32936e-08
62,11,4.735e-09,-1.92287e-09
62,12,-2.53755e-07,-2.56449e-08
62,13,-1.26752e-08,-2.22769e-08
62,14,9.98525e-07,8.03063e-07
62,15,-1.52752e-06,2.3557e-05
62,16,2.33382e-07,3.17385e-07
62,17,-1.39343e-07,1.14514e-07
62,18,-4.40574e-07,9.20435e-07
62,19,9.17487e-08,-8.8664e-08
62,20,-1.70724e-05,-8.55514e-06
62,21,-5.99238e-08,-1.22149e-08
62,22,-1.86824e-06,-1.63016e-06
62,23,-2.07751e-07,3.89041e-09
62,24,2.15643e-08,-1.94051e-08
62,25,-9.87696e-08,-9.46282e-08
62,26,3.07703e-06,2.37145e-07
62,27,1.2952e-08,-6.5852e-08
62,28,-2.39226e-07,-5.6056e-07
62,29,-1.70719e-06,6.39081e-08
63,0,3.57864e-07,3.63515e-07
63,1,6.10555e-08,3.47928e-08
63,2,3.54023e-08,-1.04536e-08
63,3,1.34856e-07,-5.43949e-07
63,4,6.64713e-06,3.34625e-06
63,5,3.89004e-08,-2.70265e-08
63,6,6.99852e-08,3.11519e-07
63,7,-1.0255e-07,-2.48963e-08
63,8,-6.35631e-07,1.01608e-07
63,9,-6.85208e-08,-3.8557e-07
63,10,6.28361e-08,5.08887e-08
63,11,1.27016e-08,-1.24409e-10
63,12,-2.00379e-07,-2.38941e-08
63,13,5.78285e-09,-7.60373e-09
63,14,4.26079e-06,3.49861e-06
63,15,-1.46704e-06,1.37001e-06
63,16,1.85849e-07,1.73717e-07
63,17,-6.38028e-08,6.46922e-08
63,18,-6.44064e-08,1.42055e-07
63,19,2.6791e-07,-1.76976e-07
63,20,-8.97103e-06,-4.47061e-06
63,21,-8.67461e-09,-4.66627e-09
63,22,-1.08196e-08,-1.02026e-08
63,23,-3.83563e-07,2.30691e-08
63,24,6.99341e-08,-2.0826e-08
63,25,4.80109e-08,1.83855e-08
63,26,-2.59223e-06,-3.197e-07
63,27,1.67092e-08,-5.09348e-08
63,28,-1.50921e-06,1.01766e-06
63,29,1.18565e-06,-3.23028e-08
64,0,-5.21737e-11,-4.56791e-09
64,1,7.27617e-08,-4.9899e-09
64,2,-1.93062e-08,-1.00711e-08
64,3,7.03998e-07,1.31585e-06
64,4,4.02939e-06,1.49923e-06
64,5,1.31251e-07,-1.31312e-08
64,6,2.6488e-08,9.89517e-08
64,7,8.64836e-08,-4.09387e-08
64,8,5.2983e-07,-1.53476e-07
64,9,-2.23308e-08,-1.77368e-07
64,10,1.36947e-09,-4.9167e-09
64,11,6.58496e-09,-1.50524e-09
64,12,1.01034e-07,5.71093e-09
64,13,1.34713e-08,8.08481e-09
64,14,8.51382e-08,5.56739e-08
64,15,5.34543e-07,-1.15611e-05
64,16,9.16648e-08,2.1615e-08
64,17,7.27437e-08,-5.62236e-08
64,18,1.93069e-07,-3.91635e-07
64,19,-2.30933e-08,1.60667e-08
64,20,1.60873e-05,5.84884e-06
64,21,3.574e-08,2.95218e-09
64,22,9.32909e-07,8.07771e-07
64,23,6.29762e-07,-4.76054e-08
64,24,-2.99098e-08,3.96909e-09
64,25,5.29549e-08,3.45076e-08
64,26,-2.19031e-06,-3.2228e-07
64,27,7.23862e-09,2.97743e-09
64,28,1.45335e-06,-1.58772e-06
64,29,7.14784e-07,-1.84257e-08
65,0,-1.7901e-07,-1.88609e-07
65,1,4.28576e-08,1.5841e-08
65,2,-1.63961e-08,-1.11358e-08
65,3,3.55914e-07,8.46663e-07
65,4,2.00322e-07,-3.64825e-07
65,5,1.22751e-07,-5.777e-09
65,6,-3.43892e-08,-1.59953e-07
65,7,5.59675e-08,-1.27585e-08
65,8,-3.25143e-07,2.34878e-08
65,9,-1.78343e-08,8.4484e-08
65,10,-2.97779e-08,-3.27178e-08
65,11,1.14821e-09,-3.26682e-09
65,12,2.47278e-07,2.00597e-08
65,13,1.00871e-09,-1.02806e-08
65,14,-2.06294e-06,-1.7084e-06
65,15,4.9274e-07,-1.46081e-07
65,16,-6.3073e-08,-8.51662e-08
65,17,2.34772e-08,-2.84108e-08
65,18,1.31196e-08,-2.48678e-08
65,19,-1.68099e-07,1.12143e-07
65,20,6.44126e-06,1.45376e-06
65,21,1.14934e-08,-2.43958e-09
65,22,3.8946e-07,3.34769e-07
65,23,-9.80674e-08,-2.42964e-09
65,24,-5.84428e-08,8.31712e-09
65,25,-1.48162e-08,-1.44988e-08
65,26,4.36902e-07,-6.52425e-08
65,27,-5.54065e-09,2.16088e-08
65,28,3.60351e-07,-3.66604e-07
65,29,4.03015e-07,-9.0444e-09
66,0,-1.30589e-07,-1.38797e-07
66,1,2.70152e-09,1.47101e-08
66,2,-1.18845e-08,-1.02973e-08
66,3,-1.58837e-07,-4.96127e-07
66,4,-1.86471e-06,-1.02366e-06
66,5,2.45503e-08,-1.78702e-08
66,6,5.51692e-08,2.27017e-07
66,7,1.98677e-08,4.94028e-09
66,8,-6.58538e-07,1.04255e-07
66,9,-8.88698e-09,1.84442e-07
66,10,-6.63426e-09,-1.09005e-08
66,11,-1.57017e-09,-4.14761e-09
66,12,1.58065e-07,1.13863e-08
66,13,-1.00406e-09,-8.01293e-09
66,14,1.83469e-06,1.50172e-06
66,15,2.41557e-07,5.62834e-06
66,16,1.26166e-07,9.72065e-08
66,17,-2.46998e-08,1.20075e-08
66,18,-9.37563e-08,1.89012e-07
66,19,-7.86108e-08,5.05704e-08
66,20,-6.72914e-06,-3.14308e-06
66,21,-2.47066e-08,-7.63683e-09
66,22,-3.73181e-07,-3.26751e-07
66,23,-3.82542e-07,1.94879e-08
66,24,7.0509e-08,-2.7824e-08
66,25,-2.50695e-08,-2.23752e-08
66,26,1.22422e-06,1.38128e-07
66,27,1.25365e-08,-2.47476e-08
66,28,-3.90067e-07,4.50223e-07
66,29,-2.48679e-07,2.77444e-09
67,0,2.24834e-07,2.2676e-07
67,1,-1.91477e-08,-6.3537e-09
67,2,6.98699e-09,-9.14708e-10
67,3,-2.61253e-07,-6.90144e-07
67,4,1.4158e-06,4.4729e-07
67,5,-3.28363e-08,-1.8746e-08
67,6,2.38957e-08,9.29798e-08
67,7,-2.14596e-08,3.58425e-09
67,8,-6.14384e-07,1.05611e-07
67,9,1.12527e-09,-1.46434e-08
67,10,1.83078e-08,1.03631e-08
67,11,7.98277e-10,-3.3802e-09
67,12,-8.27799e-08,-1.1767e-08
67,13,5.94309e-10,-1.13516e-09
67,14,-9.0368e-07,-7.53566e-07
67,15,4.13638e-08,-4.23758e-06
67,16,4.82534e-08,9.17441e-09
67,17,-4.19679e-08,2.81863e-08
67,18,-3.62635e-08,7.36475e-08
67,19,8.30367e-08,-5.54648e-08
67,20,8.55387e-06,2.72928e-06
67,21,-2.21619e-08,-6.49519e-09
67,22,-2.73789e-07,-2.3868e-07
67,23,3.38595e-07,-2.80508e-08
67,24,7.43651e-08,-2.92847e-08
67,25,-9.15151e-09,-1.06866e-08
67,26,7.91744e-07,6.7075e-08
67,27,1.01779e-08,-1.08822e-08
67,28,3.76649e-07,-4.13466e-07
67,29,-3.79618e-07,3.97064e-09
68,0,-7.09433e-08,-7.4061e-08
68,1,-1.33387e-08,-3.64413e-09
68,2,1.63353e-08,3.77356e-09
68,3,-1.81651e-07,-4.78656e-07
68,4,2.58862e-06,9.72654e-07
68,5,3.40225e-08,4.07621e-09
68,6,-6.95375e-10,-1.02058e-08
68,7,4.33019e-08,-3.09804e-10
68,8,4.84466e-07,-1.02905e-07
68,9,5.4714e-09,-9.73949e-08
68,10,-2.76875e-09,-2.54733e-09
68,11,1.85128e-09,-4.9791e-10
68,12,-1.07939e-07,-1.11957e-08
68,13,1.39349e-09,2.30373e-09
68,14,-1.1368e-06,-9.45323e-07
68,15,1.58143e-07,-6.93954e-06
68,16,-4.1339e-08,-4.57953e-08
68,17,2.36272e-09,-1.3548e-09
68,18,7.28988e-08,-1.45386e-07
68,19,-9.079e-08,6.16415e-08
68,20,4.70498e-06,8.93791e-07
68,21,1.64238e-08,1.5216e-09
68,22,3.7357e-07,3.238e-07
68,23,2.59098e-07,-2.27713e-08
68,24,-7.71768e-08,1.93497e-08
68,25,1.15523e-08,7.64832e-09
68,26,-3.0276e-07,-1.9057e-07
68,27,4.68402e-09,1.03005e-08
68,28,3.44724e-07,-3.86859e-07
68,29,4.05527e-08,-1.17848e-09
69,0,-1.861e-07,-1.91369e-07
69,1,-5.72417e-09,-1.4412e-09
69,2,-1.00623e-08,-6.0995e-09
69,3,4.07138e-08,1.05443e-07
69,4,-1.38963e-06,-6.43355e-07
69,5,1.67195e-08,-7.2234e-09
69,6,-1.2708e-08,-5.98087e-08
69,7,3.17717e-08,1.81041e-09
69,8,6.01436e-08,-5.46991e-08
69,9,3.8223e-10,1.50333e-09
69,10,-9.23887e-09,-7.29429e-09
69,11,6.23665e-10,5.39478e-11
69,12,2.53014e-08,2.10074e-09
69,13,1.51418e-09,2.82306e-09
69,14,1.49328e-06,1.2268e-06
69,15,4.22131e-07,6.00164e-06
69,16,-3.98787e-08,-3.64765e-08
69,17,2.41148e-08,-1.6074e-08
69,18,2.84214e-08,-5.71855e-08
69,19,-5.39124e-08,3.63046e-08
69,20,1.21859e-07,-1.28665e-06
69,21,2.09486e-08,2.5532e-09
69,22,2.11191e-08,1.65916e-08
69,23,-2.6511e-07,1.0021e-08
69,24,5.3479e-09,-1.24468e-08
69,25,9.98693e-09,7.2634e-09
69,26,-4.39101e-07,-6.2792e-08
69,27,2.47244e-09,8.16767e-09
69,28,-1.46615e-08,5.51042e-08
69,29,2.28241e-07,-3.72876e-09
70,0,6.70751e-09,2.75327e-09
70,1,6.35755e-09,1.60921e-09
70,2,5.18023e-09,1.66318e-09
70,3,1.1717e-07,3.06205e-07
70,4,3.06498e-07,-2.96906e-07
70,5,-7.06648e-09,-6.03051e-09
70,6,-1.51672e-08,-6.96849e-08
70,7,-1.98461e-08,5.88531e-09
70,8,-2.15207e-07,2.75322e-08
70,9,-1.96844e-09,4.97883e-08
70,10,-4.15377e-09,-3.48056e-09
70,11,9.85949e-12,3.29877e-10
70,12,5.802e-08,5.93715e-09
70,13,4.75068e-10,-1.38217e-09
70,14,1.18209e-06,9.63544e-07
70,15,4.34458e-07,4.96804e-06
70,16,4.60062e-08,2.5813e-08
70,17,-1.82807e-09,1.79665e-09
70,18,-1.2751e-08,2.65202e-08
70,19,1.2521e-08,-8.08623e-09
70,20,-2.23425e-06,-1.69176e-06
70,21,-2.39145e-08,-7.76766e-09
70,22,-2.02303e-07,-1.75699e-07
70,23,-2.61555e-07,9.19657e-09
70,24,4.21099e-08,-1.64366e-08
70,25,-1.14616e-09,-8.98578e-10
70,26,1.5904e-07,6.82412e-08
70,27,2.76442e-10,3.55264e-10
70,28,-1.78641e-07,2.19495e-07
70,29,-4.36097e-08,4.8543e-10
71,0,9.23838e-08,8.98604e-08
71,1,-3.7665e-09,-8.45999e-10
71,2,5.57737e-09,3.68161e-09
71,3,8.61453e-08,2.25584e-07
71,4,8.62107e-07,1.33004e-07
71,5,-1.76101e-08,-4.22122e-09
71,6,1.73381e-08,7.05744e-08
71,7,-1.72201e-08,4.59119e-09
71,8,-1.21519e-07,4.29856e-09
71,9,-9.33938e-10,2.69085e-08
71,10,1.34281e-09,7.68494e-10
71,11,-2.97043e-10,4.67841e-10
71,12,-1.48415e-08,-9.75058e-10
71,13,-4.16618e-11,-3.11474e-09
71,14,-5.7998e-08,-6.43047e-08
71,15,2.14971e-07,-3.27557e-06
71,16,6.39662e-08,3.53719e-08
71,17,-1.4529e-08,1.05161e-08
71,18,-7.0575e-09,1.52254e-08
71,19,3.79912e-08,-2.50707e-08
71,20,-2.01569e-06,-1.55844e-06
71,21,-2.31088e-08,-6.7288e-09
71,22,1.20016e-07,1.04765e-07
71,23,-5.52974e-08,-4.09592e-09
71,24,-1.7507e-09,-8.47701e-09
71,25,-5.5875e-09,-3.78386e-09
71,26,4.3495e-07,1.23868e-07
71,27,-1.06641e-09,-3.57426e-09
71,28,-2.66916e-08,1.51021e-08
71,29,-5.1333e-08,6.97108e-10
72,0,-3.41663e-08,-3.74743e-08
72,1,-7.61653e-09,-1.69621e-09
72,2,-1.59529e-10,-6.78179e-10
72,3,-7.73177e-08,-2.02258e-07
72,4,-2.11822e-07,-1.04727e-07
72,5,3.44567e-09,8.09829e-10
72,6,-1.17073e-08,-5.1881e-08
72,7,-5.61529e-09,1.39875e-09
72,8,2.67423e-07,-8.02818e-08
72,9,1.59183e-09,-3.21396e-08
72,10,2.59367e-09,2.40028e-09
72,11,-1.49903e-10,4.01696e-10
72,12,-3.2334e-08,-2.76713e-09
72,13,6.35563e-10,3.135e-09
72,14,-6.24556e-07,-5.18635e-07
72,15,8.84085e-08,-2.10299e-06
72,16,4.9454e-09,-2.1149e-08
72,17,8.15943e-09,-5.23959e-09
72,18,-2.43306e-09,5.83123e-09
72,19,-2.72445e-09,2.14145e-09
72,20,3.8652e-06,1.11348e-06
72,21,7.62833e-09,1.92571e-09
72,22,3.70433e-08,3.10603e-08
72,23,1.03195e-07,-6.31189e-09
72,24,-2.21363e-08,3.22965e-09
72,25,3.00031e-09,2.50564e-09
72,26,-3.87668e-08,-1.06667e-08
72,27,-8.60589e-10,-2.76837e-09
72,28,5.74128e-08,-9.15919e-08
72,29,-2.81089e-08,5.4856e-10
73,0,-3.05133e-08,-3.30317e-08
73,1,4.19092e-09,1.28514e-09
73,2,-2.82737e-09,-1.66421e-09
73,3,-8.94729e-08,-2.34615e-07
73,4,-4.6991e-07,-8.52853e-08
73,5,9.57207e-09,2.71051e-09
73,6,-1.23948e-08,-6.07258e-08
73,7,6.31777e-09,-1.3624e-09
73,8,1.00311e-07,-3.49776e-08
73,9,9.82731e-10,-1.80325e-08
73,10,-9.99397e-11,3.80439e-10
73,11,1.63359e-10,2.60873e-10
73,12,9.23557e-09,1.2411e-09
73,13,8.67284e-10,1.48933e-09
73,14,6.07156e-07,4.89024e-07
73,15,1.38493e-07,2.03803e-06
73,16,-2.67413e-08,-3.99384e-08
73,17,9.29244e-09,-5.97445e-09
73,18,2.93438e-09,-5.74607e-09
73,19,-2.29152e-08,1.56368e-08
73,20,2.80673e-06,-1.13058e-07
73,21,1.67464e-08,4.94368e-09
73,22,-2.81626e-08,-2.54807e-08
73,23,5.71457e-08,-2.63154e-09
73,24,-9.38507e-09,5.7366e-09
73,25,8.88959e-10,4.80496e-10
73,26,-2.54871e-07,-7.20484e-08
73,27,1.6994e-09,5.36586e-09
73,28,4.60786e-08,-6.48191e-08
73,29,-1.21939e-08,4.40822e-10
74,0,-4.85356e-09,-6.08949e-09
74,1,-2.92325e-09,-6.78878e-10
74,2,2.87155e-10,-3.47069e-12
74,3,1.1713e-07,3.05554e-07
74,4,1.35486e-07,3.33654e-08
74,5,-7.99587e-09,-2.0642e-09
74,6,1.57081e-08,6.44411e-08
74,7,-5.17273e-09,1.5679e-09
74,8,-1.05839e-07,2.62614e-08
74,9,2.68566e-10,9.06507e-10
74,10,-1.37758e-09,-6.6089e-10
74,11,3.1999e-10,1.90461e-10
74,12,2.92181e-08,3.15854e-09
74,13,-4.37775e-11,-3.72394e-09
74,14,4.74356e-09,-1.19643e-09
74,15,4.31921e-07,-3.97624e-07
74,16,-8.87991e-09,-5.50247e-09
74,17,-1.86492e-09,1.67799e-09
74,18,2.42376e-09,-4.61623e-09
74,19,-5.94106e-09,4.31509e-09
74,20,-1.15719e-06,-1.62226e-06
74,21,6.45744e-09,2.07502e-09
74,22,-2.26684e-09,-1.28984e-09
74,23,-3.02339e-08,-1.31981e-09
74,24,1.27797e-08,-1.03965e-08
74,25,-1.80171e-10,-5.36151e-10
74,26,9.54421e-08,2.73564e-08
74,27,2.4775e-10,-2.27383e-11
74,28,-6.86146e-08,8.3689e-08
74,29,-3.33209e-09,3.73785e-10
75,0,1.75376e-08,1.56159e-08
75,1,-3.38069e-09,-1.01951e-09
75,2,1.79991e-09,8.05138e-10
75,3,8.01192e-08,2.08584e-07
75,4,2.39178e-07,4.35594e-08
75,5,8.77928e-09,1.92815e-09
75,6,2.04573e-08,8.55921e-08
75,7,-8.89011e-09,2.43797e-09
75,8,1.26417e-07,-7.91628e-08
75,9,-1.02601e-10,9.74725e-09
75,10,-1.39682e-10,-1.44048e-10
75,11,2.68036e-10,1.41089e-10
75,12,-5.55796e-09,-3.93307e-10
75,13,2.65383e-10,-1.21323e-09
75,14,-3.00327e-07,-2.45298e-07
75,15,2.7175e-07,-1.06422e-06
75,16,4.0017e-09,1.40874e-08
75,17,-4.94664e-09,3.49412e-09
75,18,1.83725e-11,4.87439e-10
75,19,7.92739e-09,-5.08204e-09
75,20,-1.70856e-06,-1.76999e-06
75,21,-7.27437e-09,-2.26028e-09
75,22,1.3392e-08,1.21716e-08
75,23,-6.91191e-08,-4.59491e-10
75,24,5.31101e-09,-9.76734e-09
75,25,-1.9439e-10,-4.20171e-10
75,26,7.54684e-08,2.17638e-08
75,27,-4.78076e-10,-2.71704e-09
75,28,-4.41038e-08,4.84812e-08
75,29,3.42509e-09,8.25927e-11
76,0,2.38897e-08,2.12301e-08
76,1,-5.53695e-10,-4.2332e-11
76,2,1.22209e-09,5.22131e-10
76,3,-1.57976e-10,-8.24011e-10
76,4,-4.67314e-08,-1.80484e-09
76,5,4.1052e-09,1.03547e-09
76,6,-3.77327e-09,-2.25658e-08
76,7,3.46946e-09,-1.18047e-09
76,8,4.39262e-08,-3.00409e-08
76,9,-2.99442e-10,9.37149e-09
76,10,4.79267e-10,1.14372e-10
76,11,2.28923e-10,1.07215e-10
76,12,-2.1873e-08,-2.11987e-09
76,13,-1.65354e-10,1.58709e-09
76,14,5.34749e-08,4.09048e-08
76,15,-1.60294e-08,4.75902e-07
76,16,-9.37603e-10,1.98555e-09
76,17,7.66519e-10,-8.39841e-10
76,18,-1.32595e-09,2.47342e-09
76,19,6.72046e-09,-4.60977e-09
76,20,9.92712e-07,8.84987e-07
76,21,1.42337e-08,4.35534e-09
76,22,1.08757e-08,9.64933e-09
76,23,-4.29876e-08,-1.00567e-09
76,24,-1.46824e-08,3.50733e-09
76,25,-2.01069e-10,-3.60012e-10
76,26,-4.35457e-08,-1.2283e-08
76,27,-3.41878e-10,-3.82382e-10
76,28,4.79334e-08,-6.96683e-08
76,29,-3.68731e-09,2.31529e-10
77,0,2.48272e-09,-5.14257e-10
77,1,1.39546e-09,3.14654e-10
77,2,-8.83603e-10,-5.76881e-10
77,3,-4.02896e-08,-1.05269e-07
77,4,-1.30921e-07,-2.23922e-08
77,5,-1.47387e-10,1.28546e-11
77,6,-8.67881e-09,-4.03436e-08
77,7,4.44948e-09,-1.4965e-09
77,8,-5.07873e-08,3.0796e-08
77,9,6.49707e-10,-1.62249e-08
77,10,-2.62172e-11,-9.66752e-11
77,11,-2.99288e-10,-2.56451e-10
77,12,1.91076e-08,1.75634e-09
77,13,1.78436e-10,-1.41486e-09
77,14,1.03478e-07,8.01867e-08
77,15,-1.5218e-07,1.01411e-06
77,16,-2.5564e-09,-6.33625e-09
77,17,2.68145e-09,-2.28381e-09
77,18,-2.0426e-10,-2.86979e-10
77,19,-8.99536e-09,6.32034e-09
77,20,4.88499e-07,-8.87756e-07
77,21,9.72344e-09,2.96758e-09
77,22,-2.31721e-09,-1.92646e-09
77,23,-5.34308e-09,-1.19079e-09
77,24,-1.07595e-08,3.82914e-09
77,25,-1.3111e-10,-7.20625e-11
77,26,-9.26959e-08,-2.60979e-08
77,27,5.07966e-10,1.34623e-09
77,28,5.0682e-08,-6.7018e-08
77,29,-1.74441e-09,-5.59079e-11
78,0,-9.7996e-09,-1.11237e-08
78,1,8.83281e-10,1.48768e-10
78,2,-1.11125e-09,-6.8031e-10
78,3,-4.34041e-08,-1.13219e-07
78,4,5.47224e-08,9.04681e-09
78,5,-2.27275e-09,-4.99296e-10
78,6,6.3089e-09,2.56232e-08
78,7,-1.61138e-09,4.01755e-10
78,8,5.81917e-09,-3.01051e-09
78,9,6.45276e-10,-1.63496e-08
78,10,-2.78959e-10,-2.02199e-10
78,11,-3.21237e-10,-2.79373e-10
78,12,5.47555e-10,3.34413e-11
78,13,3.27272e-10,-1.99725e-09
78,14,-1.99737e-08,-1.88353e-08
78,15,2.29485e-08,-1.64443e-07
78,16,1.08086e-09,6.37852e-09
78,17,3.17681e-09,-2.64853e-09
78,18,3.87258e-10,-1.63439e-09
78,19,-9.00084e-09,6.3104e-09
78,20,-3.09216e-07,-7.82746e-07
78,21,-4.15328e-09,-1.30416e-09
78,22,-5.80993e-09,-4.75478e-09
78,23,1.93519e-08,-7.48467e-11
78,24,1.33939e-08,-1.60938e-08
78,25,-4.4826e-11,5.98738e-11
78,26,5.29829e-09,1.78756e-09
78,27,5.47788e-10,6.60272e-10
78,28,4.68989e-09,-1.17944e-08
78,29,1.22551e-09,-2.47044e-10
79,0,9.75883e-09,9.52025e-09
79,1,-1.39604e-09,-1.72939e-10
79,2,8.78362e-10,5.09391e-10
79,3,3.13062e-08,8.15079e-08
79,4,-4.79159e-08,-5.30408e-10
79,5,2.43266e-09,6.63089e-10
79,6,3.91554e-09,1.10264e-08
79,7,-4.13133e-09,1.23947e-09
79,8,3.36434e-08,-1.9663e-08
79,9,3.73608e-11,9.86092e-09
79,10,-1.07237e-10,-1.04813e-10
79,11,2.32621e-10,2.33264e-10
79,12,-9.5332e-09,-7.92279e-10
79,13,-9.40369e-11,9.93456e-10
79,14,-6.62642e-08,-5.44567e-08
79,15,8.42783e-08,-5.66029e-07
79,16,1.79133e-09,9.81002e-09
79,17,-1.75155e-09,1.40776e-09
79,18,-6.14571e-10,1.68174e-09
79,19,1.55553e-09,-9.49277e-10
79,20,-5.79462e-07,-4.04603e-07
79,21,-7.47899e-09,-2.24061e-09
79,22,3.29396e-09,3.32147e-09
79,23,-1.9722e-08,-7.11347e-10
79,24,-1.16392e-08,3.27733e-09
79,25,-1.68411e-12,1.25842e-10
79,26,5.26951e-08,1.52128e-08
79,27,1.71194e-10,-2.18759e-10
79,28,-1.86824e-08,1.67593e-08
79,29,2.3551e-09,-2.56753e-10
80,0,5.5653e-09,4.26581e-09
80,1,2.41248e-10,1.24034e-10
80,2,8.51387e-10,3.72133e-10
80,3,1.96298e-08,5.09664e-08
80,4,-3.02859e-08,-4.97863e-09
80,5,3.57375e-10,1.33718e-10
80,6,-1.05285e-09,-9.64907e-09
80,7,2.34752e-09,-7.00663e-10
80,8,7.8704e-09,-4.60677e-09
80,9,-1.08077e-10,1.22481e-08
80,10,4.98438e-11,3.41245e-11
80,11,4.30573e-10,2.75662e-10
80,12,-4.51743e-09,-3.67615e-10
80,13,-2.56698e-10,1.57832e-09
80,14,-1.27542e-08,-1.05307e-08
80,15,-4.28428e-08,2.7972e-07
80,16,-7.88437e-10,-2.16318e-09
80,17,-3.69675e-10,2.35888e-10
80,18,-1.05914e-09,3.0875e-09
80,19,6.01705e-09,-4.06415e-09
80,20,-4.41697e-07,-2.49474e-08
80,21,-4.41693e-09,-1.31764e-09
80,22,8.40694e-10,1.35361e-09
80,23,1.02659e-08,-6.40061e-10
80,24,-2.64647e-09,-4.16866e-09
80,25,-1.5283e-12,1.2608e-10
80,26,7.75572e-09,2.45954e-09
80,27,-1.2007e-10,-3.83731e-10
80,28,-3.69479e-10,1.89739e-09
80,29,1.43622e-09,-8.29051e-11
81,0,-6.01481e-09,-7.11557e-09
81,1,8.88294e-10,1.91916e-10
81,2,-2.74828e-10,-3.10701e-10
81,3,-2.33929e-08,-6.12601e-08
81,4,1.56328e-08,-1.07164e-09
81,5,-9.57753e-10,-2.1324e-10
81,6,-2.4968e-09,-1.0852e-08
81,7,-7.77814e-10,2.16919e-10
81,8,-1.47364e-08,9.1985e-09
81,9,4.20845e-10,-1.27433e-08
81,10,1.28384e-10,1.03593e-10
81,11,2.63614e-10,7.56536e-11
81,12,-5.5065e-10,-2.86806e-11
81,13,-1.27916e-10,9.66952e-10
81,14,2.42511e-08,1.98193e-08
81,15,-2.05937e-08,1.29474e-07
81,16,-1.40936e-09,-3.40475e-09
81,17,4.10208e-10,-3.92825e-10
81,18,-4.00927e-10,1.30256e-09
81,19,-2.2371e-09,1.64941e-09
81,20,-3.4719e-07,1.66329e-07
81,21,4.28377e-10,5.82936e-11
81,22,-9.69937e-10,-6.04692e-10
81,23,1.07485e-08,-2.42963e-10
81,24,1.90642e-09,-7.80355e-09
81,25,-3.53671e-12,6.87228e-11
81,26,-1.99778e-08,-5.42701e-09
81,27,1.08416e-10,2.74093e-10
81,28,9.20208e-09,-7.37819e-09
81,29,1.99418e-10,1.1132e-11
82,0,-2.11108e-09,-2.30617e-09
82,1,-3.0462e-10,1.78325e-12
82,2,-1.05484e-10,-5.75645e-11
82,3,-2.05554e-09,-5.69922e-09
82,4,2.26589e-08,2.01247e-09
82,5,4.17886e-10,1.51004e-10
82,6,1.54003e-09,3.5195e-09
82,7,-1.8589e-09,5.69349e-10
82,8,-9.73117e-09,6.25585e-09
82,9,2.36785e-10,2.19472e-09
82,10,1.05723e-10,8.35495e-11
82,11,6.5411e-11,-1.05583e-11
82,12,2.82685e-09,2.56346e-10
82,13,1.26958e-10,-3.38324e-10
82,14,1.11433e-08,5.28707e-09
82,15,1.18816e-08,-7.95233e-08
82,16,2.55152e-10,2.37979e-09
82,17,6.1996e-11,3.01021e-11
82,18,1.49955e-10,-1.12712e-09
82,19,-2.51855e-09,1.80902e-09
82,20,-2.44949e-07,2.35634e-07
82,21,2.58211e-09,7.29092e-10
82,22,-1.16025e-09,-1.13595e-09
82,23,-1.41794e-08,-1.156e-09
82,24,-3.1633e-09,3.98722e-09
82,25,-1.70054e-12,3.82031e-11
82,26,-2.25636e-08,-6.2715e-09
82,27,2.45832e-10,3.18762e-10
82,28,4.23836e-09,-3.74346e-09
82,29,-5.70013e-10,8.13667e-11
83,0,7.35408e-09,3.48409e-09
83,1,-4.80692e-10,-1.19394e-11
83,2,8.38892e-11,1.65618e-10
83,3,1.32156e-08,3.43211e-08
83,4,1.40803e-08,-2.58456e-10
83,5,4.03187e-10,1.53781e-10
83,6,1.47469e-09,6.00003e-09
83,7,-3.41346e-10,9.39637e-11
83,8,1.35184e-08,-8.10293e-09
83,9,1.25622e-10,8.43653e-09
83,10,1.8688e-11,1.65766e-11
83,11,-1.03336e-10,-3.06172e-12
83,12,1.10913e-09,1.04293e-10
83,13,1.35634e-10,-6.43402e-10
83,14,-9.22244e-09,-1.35717e-08
83,15,1.07136e-08,-6.74866e-08
83,16,6.1962e-12,2.7104e-09
83,17,-1.57731e-10,2.47368e-10
83,18,2.04539e-10,-1.55866e-09
83,19,-1.92355e-09,1.38391e-09
83,20,3.7118e-09,8.02877e-08
83,21,-3.77958e-10,-9.54546e-11
83,22,-1.9761e-10,-1.06872e-10
83,23,3.79505e-10,-2.05474e-10
83,24,-4.51199e-09,4.24061e-09
83,25,-7.82454e-13,2.29432e-11
83,26,-7.9941e-09,-2.12777e-09
83,27,2.89097e-11,-3.46628e-10
83,28,-7.01724e-09,7.06635e-09
83,29,-9.02978e-11,4.39272e-11
84,0,3.92723e-09,2.30401e-09
84,1,3.3225e-10,1.04593e-10
84,2,-5.35418e-12,1.47368e-11
84,3,7.22039e-09,1.89356e-08
84,4,7.42567e-09,-1.34665e-09
84,5,-3.60564e-10,-4.9342e-11
84,6,8.70428e-10,2.24974e-09
84,7,4.62546e-10,-1.53137e-10
84,8,3.893e-09,-1.93548e-09
84,9,2.25455e-10,-9.92152e-10
84,10,-4.8648e-11,-9.12152e-12
84,11,-1.21009e-10,1.97165e-12
84,12,-2.01484e-09,-1.77125e-10
84,13,4.84219e-11,-6.94957e-12
84,14,-3.31021e-10,-4.00428e-09
84,15,-3.24947e-09,2.28311e-08
84,16,-1.44721e-09,4.85537e-10
84,17,-7.68944e-11,1.39809e-10
84,18,7.06077e-11,-6.75831e-10
84,19,5.98824e-09,-4.03972e-09
84,20,1.24471e-07,-7.45802e-08
84,21,-1.75402e-09,-4.7509e-10
84,22,3.06168e-10,4.22477e-10
84,23,7.23009e-09,5.27394e-10
84,24,-2.21999e-09,-4.95346e-09
84,25,-3.23411e-13,1.53133e-11
84,26,2.07148e-08,6.20819e-09
84,27,5.12585e-11,5.21256e-11
84,28,-7.95728e-09,7.91278e-09
84,29,2.57748e-10,-1.53798e-13
85,0,1.50433e-11,-1.46803e-09
85,1,3.63614e-10,1.04159e-10
85,2,-4.97738e-11,-6.06807e-11
85,3,-1.08375e-08,-2.87586e-08
85,4,-4.40013e-09,-3.32089e-10
85,5,-4.98028e-11,-8.46542e-12
85,6,-4.05767e-10,-2.12494e-09
85,7,4.32573e-10,-1.30877e-10
85,8,-3.48304e-09,2.43265e-09
85,9,1.19363e-10,-4.74634e-09
85,10,-1.89568e-11,2.47053e-12
85,11,2.28606e-10,-6.31982e-13
85,12,-1.62297e-09,-1.40479e-10
85,13,-1.31926e-11,3.19501e-10
85,14,4.46987e-09,5.09664e-09
85,15,-8.08167e-09,5.28972e-08
85,16,-6.75889e-10,-1.11374e-09
85,17,5.38804e-12,2.11505e-11
85,18,-3.83654e-10,1.07706e-09
85,19,2.73517e-09,-1.75541e-09
85,20,3.59702e-09,3.38994e-08
85,21,-2.05901e-09,-5.58949e-10
85,22,3.29263e-10,4.06418e-10
85,23,-3.16716e-09,-2.19253e-10
85,24,-7.46122e-11,-5.34394e-09
85,25,-9.38898e-14,1.14983e-11
85,26,1.44911e-08,4.35812e-09
85,27,1.1738e-11,2.15323e-10
85,28,4.69639e-09,-3.03967e-09
85,29,-2.42339e-10,4.96085e-11
86,0,-1.9627e-09,-1.2379e-09
86,1,-3.3114e-10,-3.03525e-12
86,2,4.43049e-11,8.10711e-11
86,3,-9.06319e-09,-2.41188e-08
86,4,-9.20204e-09,2.61946e-10
86,5,1.40706e-10,2.60807e-11
86,6,-6.32692e-10,-2.14688e-09
86,7,-5.80441e-10,1.86306e-10
86,8,-2.67381e-09,1.49047e-09
86,9,6.1542e-11,3.58901e-09
86,10,2.37696e-11,2.16103e-11
86,11,1.09428e-10,1.06595e-11
86,12,-3.25083e-10,-3.19349e-11
86,13,-3.35919e-12,2.60082e-10
86,14,1.25583e-09,7.16116e-10
86,15,6.06731e-10,-3.46315e-09
86,16,2.29459e-10,-1.04807e-09
86,17,3.88477e-11,-5.17038e-11
86,18,2.6435e-11,-4.62848e-10
86,19,-8.2509e-10,6.55392e-10
86,20,-6.12734e-08,4.63749e-08
86,21,1.6241e-09,4.59057e-10
86,22,-2.07867e-10,-1.71138e-10
86,23,-4.87231e-09,-4.18812e-10
86,24,4.0869e-10,1.16789e-09
86,25,2.08709e-14,9.59083e-12
86,26,-6.85257e-09,-1.81649e-09
86,27,6.15393e-12,2.09402e-10
86,28,3.0606e-09,-2.352e-09
86,29,-1.5513e-10,2.40839e-11
87,0,-9.56902e-10,6.84692e-11
87,1,-1.24991e-10,3.65926e-11
87,2,7.81989e-11,1.33955e-10
87,3,4.162e-09,1.08875e-08
87,4,2.51057e-09,-4.51011e-10
87,5,-2.47692e-10,-3.16113e-11
87,6,1.52795e-10,4.82875e-10
87,7,-1.41409e-10,4.18552e-11
87,8,6.9e-10,-6.19542e-10
87,9,1.16919e-10,4.67247e-09
87,10,-1.03616e-11,5.08456e-12
87,11,-5.38465e-11,-9.19427e-12
87,12,3.46936e-10,2.52848e-11
87,13,3.37589e-11,-5.49018e-11
87,14,-1.27277e-09,-1.99263e-09
87,15,4.24197e-09,-2.75853e-08
87,16,4.53214e-10,4.00312e-11
87,17,3.36087e-11,-5.03329e-11
87,18,-2.11479e-11,-7.94221e-10
87,19,-1.87903e-09,1.29242e-09
87,20,8.17028e-08,-2.97962e-08
87,21,1.16894e-09,3.32092e-10
87,22,-4.50593e-10,-3.75109e-10
87,23,1.99132e-09,9.85706e-11
87,24,3.27856e-10,3.50978e-09
87,25,7.82513e-14,8.63709e-12
87,26,-5.34218e-09,-1.58998e-09
87,27,4.56563e-11,3.8195e-11
87,28,2.0486e-09,-1.8234e-09
87,29,1.0443e-10,6.82835e-12
88,0,4.24396e-10,6.66732e-10
88,1,9.95373e-11,2.9259e-11
88,2,-1.4814e-11,-9.83896e-12
88,3,-1.31386e-09,-3.79584e-09
88,4,5.06711e-09,-2.03332e-10
88,5,6.43489e-11,1.43209e-11
88,6,5.27106e-10,1.74051e-09
88,7,1.9813e-10,-5.85487e-11
88,8,1.98155e-09,-1.31913e-09
88,9,8.61392e-11,-3.6596e-09
88,10,-1.76246e-11,1.57381e-13
88,11,-1.33366e-10,-1.8421e-11
88,12,-3.63168e-10,-1.85292e-11
88,13,2.35654e-11,-1.48083e-10
88,14,1.76844e-09,1.73626e-09
88,15,1.49707e-09,-9.70544e-09
88,16,-5.02856e-11,5.41448e-10
88,17,9.69519e-12,-1.05622e-11
88,18,-1.63924e-10,6.42948e-10
88,19,-3.01545e-10,2.16404e-10
88,20,-5.79469e-08,5.46253e-08
88,21,-1.34129e-09,-3.62691e-10
88,22,2.63385e-10,3.11832e-10
88,23,4.52229e-09,2.32797e-10
88,24,-4.20009e-11,8.59508e-10
88,25,1.06941e-13,8.16022e-12
88,26,-2.63411e-09,-8.92344e-10
88,27,3.5531e-12,-8.75216e-11
88,28,9.12439e-10,-7.50022e-10
88,29,-7.08169e-11,2.9413e-11
89,0,5.55263e-10,9.69828e-11
89,1,1.10715e-10,4.14189e-12
89,2,-4.0229e-11,-4.0794e-11
89,3,-3.29425e-09,-8.97762e-09
89,4,1.61001e-09,-1.10341e-10
89,5,4.08889e-11,4.37075e-12
89,6,2.60314e-10,8.64648e-10
89,7,-2.0947e-10,6.54704e-11
89,8,1.92368e-09,-1.20825e-09
89,9,1.64204e-10,-4.56249e-09
89,10,-6.76293e-13,9.19441e-12
89,11,-1.23331e-10,-1.38313e-11
89,12,-6.45987e-10,-5.09557e-11
89,13,-4.01659e-12,5.95573e-12
89,14,1.52453e-09,1.7631e-09
89,15,-2.48919e-09,1.67172e-08
89,16,8.84198e-11,2.99445e-10
89,17,-6.39744e-12,1.7399e-11
89,18,-1.58745e-10,1.07244e-10
89,19,4.95302e-10,-3.27199e-10
89,20,-4.37646e-09,2.8734e-08
89,21,-1.81274e-09,-4.93006e-10
89,22,-8.44466e-11,-1.16163e-11
89,23,-3.16061e-09,-3.02494e-10
89,24,-1.73607e-10,-1.54371e-09
89,25,1.21287e-13,7.92179e-12
89,26,-9.55392e-10,-4.32535e-10
89,27,1.4797e-11,8.95584e-11
89,28,-6.07899e-10,5.78026e-10
89,29,-1.27391e-10,3.14012e-11
90,0,2.78854e-10,-2.43529e-10
90,1,-2.52652e-11,-5.7774e-12
90,2,-1.99459e-12,1.81757e-11
90,3,-3.08563e-09,-8.36232e-09
90,4,-1.88349e-09,6.33257e-11
90,5,-1.96836e-11,1.11963e-12
90,6,-9.54306e-11,-3.0696e-10
90,7,-2.92986e-10,8.74158e-11
90,8,-4.77564e-10,1.31719e-10
90,9,3.02236e-10,4.73981e-09
90,10,7.75177e-12,1.36682e-11
90,11,2.39085e-11,5.78109e-12
90,12,-5.58411e-10,-4.81612e-11
90,13,-1.78076e-11,8.29753e-11
90,14,1.03775e-09,3.74039e-10
90,15,-1.25128e-09,8.70855e-09
90,16,8.28416e-11,-5.9465e-11
90,17,-1.03239e-11,1.36855e-11
90,18,-1.24224e-10,-1.81511e-10
90,19,1.66587e-10,-1.12046e-10
90,20,2.40943e-08,4.71402e-09
90,21,-6.24125e-10,-1.63834e-10
90,22,-2.0665e-10,-1.62043e-10
90,23,-3.76706e-09,-3.266e-10
90,24,-3.74232e-11,4.94332e-10
90,25,-5.85241e-12,4.96084e-12
90,26,3.114e-10,-5.62606e-12
90,27,3.0864e-11,1.10046e-10
90,28,-6.89703e-10,5.99421e-10
90,29,-4.03014e-11,1.63206e-11
91,0,1.14572e-10,-3.90786e-10
91,1,-8.80787e-11,-7.8787e-12
91,2,1.22245e-11,3.3284e-11
91,3,1.02728e-10,2.4377e-10
91,4,9.44423e-10,-6.51412e-11
91,5,-3.54207e-11,3.98512e-12
91,6,-1.50354e-10,-4.71903e-10
91,7,-8.29433e-11,2.43534e-11
91,8,-1.0295e-09,6.29424e-10
91,9,2.91851e-10,4.83879e-09
91,10,4.23245e-12,1.10049e-11
91,11,8.45777e-11,1.56683e-11
91,12,1.05773e-10,7.29888e-12
91,13,-9.0639e-12,3.41438e-11
91,14,5.83597e-10,-3.94963e-10
91,15,2.6638e-09,-1.76612e-08
91,16,6.45494e-11,-2.27243e-10
91,17,-8.03207e-13,-2.18888e-12
91,18,-9.90482e-11,6.36134e-11
91,19,-1.22256e-10,8.1633e-11
91,20,1.27209e-08,-1.22991e-08
91,21,9.0165e-10,2.55948e-10
91,22,9.3745e-11,1.07027e-10
91,23,2.19726e-09,1.55128e-10
91,24,7.23813e-11,9.03552e-10
91,25,-6.51441e-12,4.74028e-12
91,26,9.0101e-10,2.09436e-10
91,27,-2.45435e-12,-2.98074e-11
91,28,1.1627e-10,-8.13336e-11
91,29,4.55279e-11,-3.29839e-12
92,0,1.58502e-10,4.77281e-11
92,1,-3.77615e-11,-5.83078e-12
92,2,-1.51897e-11,-2.41499e-11
92,3,1.63576e-09,4.40155e-09
92,4,2.02684e-09,-1.07294e-10
92,5,9.14433e-12,-4.01124e-12
92,6,1.20942e-10,3.73285e-10
92,7,8.95208e-11,-2.89709e-11
92,8,4.95511e-10,-4.20518e-10
92,9,2.94985e-11,-1.90755e-09
92,10,-5.51944e-12,-1.90304e-12
92,11,-1.79806e-11,-5.53471e-12
92,12,3.50661e-10,2.72658e-11
92,13,1.94572e-12,-2.49865e-11
92,14,-1.89427e-10,-4.12535e-10
92,15,9.56509e-10,-5.76362e-09
92,16,-7.0195e-12,-3.95297e-11
92,17,3.95713e-12,-1.01261e-11
92,18,-6.18239e-11,1.69675e-10
92,19,-1.40973e-10,9.17167e-11
92,20,5.17629e-09,-1.90098e-08
92,21,6.24701e-10,1.74975e-10
92,22,9.85169e-11,8.44453e-11
92,23,-1.94277e-10,-2.96561e-10
92,24,-1.21927e-11,2.38543e-10
92,25,-4.98394e-12,3.04884e-12
92,26,-7.05762e-10,-2.30035e-10
92,27,-1.79351e-11,-8.00226e-11
92,28,4.24477e-10,-3.57638e-10
92,29,-4.07457e-11,6.74276e-12
93,0,4.3499e-11,2.24067e-10
93,1,2.18609e-11,-2.95522e-12
93,2,-2.17726e-11,-3.28332e-11
93,3,5.83405e-11,1.65952e-10
93,4,9.29102e-10,-5.01638e-11
93,5,2.06319e-11,-6.03182e-12
93,6,-4.09286e-11,-1.30699e-10
93,7,8.43468e-11,-2.83112e-11
93,8,-4.37279e-10,2.12883e-10
93,9,4.38021e-11,-2.63723e-09
93,10,-4.15917e-12,-8.73496e-12
93,11,-6.40631e-11,-1.5124e-11
93,12,1.77494e-11,-3.15984e-13
93,13,1.00695e-12,-1.99186e-11
93,14,-4.87228e-10,-2.2833e-10
93,15,-4.00829e-10,3.44335e-09
93,16,-3.67624e-11,9.06183e-11
93,17,2.50538e-12,-7.70547e-12
93,18,-3.82929e-11,-4.52448e-11
93,19,-9.70382e-11,6.45811e-11
93,20,8.12026e-09,-3.01173e-11
93,21,-1.14225e-09,-3.09482e-10
93,22,-1.08626e-10,-8.4234e-11
93,23,-1.11741e-09,-1.07588e-10
93,24,-4.82914e-11,-2.24759e-10
93,25,-2.97003e-12,6.38757e-13
93,26,-4.45262e-10,-1.44067e-10
93,27,8.25994e-12,3.69511e-11
93,28,5.19295e-10,-4.45672e-10
93,29,-2.84197e-11,-6.38825e-13
94,0,-1.26437e-12,-7.15604e-11
94,1,4.2202e-11,-1.19723e-12
94,2,-1.20477e-12,1.44344e-11
94,3,-7.54907e-10,-2.02161e-09
94,4,-1.47401e-10,5.62266e-12
94,5,-7.62978e-12,-9.69021e-13
94,6,-1.06735e-10,-3.34237e-10
94,7,1.38049e-11,-6.69775e-12
94,8,-8.13095e-10,4.8495e-10
94,9,6.37349e-11,-2.5978e-09
94,10,-3.19266e-12,-4.47027e-12
94,11,8.61349e-14,-2.03044e-12
94,12,-1.66528e-10,-1.5906e-11
94,13,-7.29457e-12,3.47379e-11
94,14,2.35294e-10,-7.89384e-11
94,15,-1.01317e-09,7.47552e-09
94,16,2.02877e-11,-7.63579e-11
94,17,-4.15565e-13,-2.83522e-12
94,18,1.90319e-11,-1.00381e-10
94,19,-5.00522e-11,3.36549e-11
94,20,6.74742e-10,9.49037e-09
94,21,-1.95907e-09,-5.33576e-10
94,22,-1.39014e-10,-3.29076e-11
94,23,-1.13955e-09,-2.75964e-11
94,24,-5.34412e-11,-3.95951e-10
94,25,8.67485e-13,-4.26008e-12
94,26,4.72541e-10,8.21363e-11
94,27,6.64333e-12,1.29877e-11
94,28,2.75697e-10,-2.39343e-10
94,29,1.04622e-11,-6.16606e-12
95,0,-2.33431e-11,-2.03776e-10
95,1,-1.62886e-11,-3.50741e-12
95,2,9.6397e-12,3.09186e-11
95,3,-2.37096e-11,-5.89036e-11
95,4,-6.77914e-10,3.31144e-11
95,5,-1.84263e-11,1.1037e-12
95,6,5.58154e-12,1.43343e-11
95,7,-3.69086e-11,9.36275e-12
95,8,-7.45139e-11,1.92057e-11
95,9,3.47108e-10,2.29872e-09
95,10,-2.25602e-12,-2.00056e-12
95,11,3.21607e-11,4.51632e-12
95,12,1.63661e-11,-6.05427e-13
95,13,-2.75964e-12,1.07852e-11
95,14,3.43102e-10,7.8631e-11
95,15,4.19749e-10,-3.06212e-09
95,16,4.64725e-12,-8.02056e-11
95,17,-1.54839e-12,1.19877e-12
95,18,-9.29793e-12,-4.07515e-11
95,19,2.40865e-11,-1.78547e-11
95,20,-1.89775e-10,2.28788e-09
95,21,1.22759e-10,4.3202e-11
95,22,-1.68679e-11,3.65783e-11
95,23,1.09919e-09,-2.94845e-10
95,24,7.66752e-12,1.33096e-10
95,25,-1.4987e-12,-5.6839e-13
95,26,3.25226e-10,1.50377e-11
95,27,2.51042e-12,-6.60844e-12
95,28,-2.27865e-10,1.95632e-10
95,29,1.52797e-11,-3.10117e-12
96,0,-4.68132e-12,-5.77131e-11
96,1,-3.55025e-11,-2.66907e-12
96,2,-1.65225e-12,4.67081e-12
96,3,3.47685e-10,9.37672e-10
96,4,4.86613e-11,-3.63354e-12
96,5,1.50317e-11,-2.97714e-12
96,6,5.31491e-11,1.70538e-10
96,7,-7.49379e-12,1.86286e-12
96,8,3.91496e-10,-2.3986e-10
96,9,-6.63185e-12,7.21545e-10
96,10,-1.50557e-12,-2.3216e-13
96,11,1.82605e-11,2.807e-12
96,12,9.12723e-11,7.07914e-12
96,13,-1.73321e-13,-2.24487e-11
96,14,-3.83931e-11,-3.88846e-11
96,15,1.09364e-09,-8.0216e-09
96,16,-9.90452e-12,3.91465e-12
96,17,-2.06954e-12,1.60588e-12
96,18,-1.36002e-11,3.98774e-11
96,19,2.97584e-11,-2.23962e-11
96,20,-4.44483e-10,-3.47145e-09
96,21,1.11562e-09,3.14664e-10
96,22,6.42433e-11,2.28904e-11
96,23,9.617e-10,-1.97377e-10
96,24,2.75085e-11,2.41394e-10
96,25,-2.6818e-12,1.27746e-12
96,26,-4.96094e-12,-3.15916e-11
96,27,-4.68766e-12,-8.67533e-12
96,28,-2.24762e-10,1.96662e-10
96,29,-3.6091e-12,-2.78274e-12
97,0,7.71495e-12,7.08016e-11
97,1,-1.31454e-11,-2.25194e-12
97,2,-7.25211e-12,-9.99428e-12
97,3,-1.95036e-10,-5.19301e-10
97,4,3.64883e-10,-1.88163e-11
97,5,1.28657e-11,-2.69908e-12
97,6,4.90511e-11,1.58634e-10
97,7,1.3427e-11,-4.06086e-12
97,8,-5.34668e-10,3.00228e-10
97,9,-1.77809e-10,-8.68602e-10
97,10,-1.13035e-12,6.52041e-13
97,11,-9.21163e-12,-1.50534e-12
97,12,-2.52915e-12,3.62485e-13
97,13,-1.94197e-12,-1.23513e-11
97,14,-2.16226e-10,-8.41092e-11
97,15,-4.83015e-10,3.54457e-09
97,16,-1.04671e-11,4.26602e-11
97,17,-1.43924e-12,6.16538e-13
97,18,2.23341e-12,-5.3354e-11
97,19,-1.08995e-11,6.73718e-12
97,20,-4.0992e-10,-3.09127e-09
97,21,4.00598e-10,1.10557e-10
97,22,1.39512e-11,-5.78576e-12
97,23,1.6159e-10,-1.4934e-10
97,24,-4.24169e-13,2.46099e-11
97,25,-1.53358e-12,-4.68732e-13
97,26,-1.64939e-10,-8.48524e-12
97,27,-5.68614e-14,-5.60602e-12
97,28,2.69097e-10,-2.07462e-10
97,29,-1.21654e-11,-1.54671e-12
98,0,3.92392e-12,3.85158e-11
98,1,2.70553e-12,-9.14066e-13
98,2,3.69236e-12,1.21176e-11
98,3,-1.95642e-10,-5.21027e-10
98,4,1.43571e-10,-7.54739e-12
98,5,-1.57525e-11,2.66319e-12
98,6,-1.88059e-12,-4.19577e-12
98,7,-1.0496e-12,4.16631e-13
98,8,-2.62506e-10,1.52614e-10
98,9,5.93126e-11,5.689e-10
98,10,-9.42733e-13,1.09414e-12
98,11,-7.7771e-12,-3.01047e-12
98,12,-4.84906e-11,-2.80142e-12
98,13,-4.11923e-12,1.36268e-11
98,14,1.485e-10,4.98033e-11
98,15,2.43555e-10,-1.78429e-09
98,16,-3.30144e-12,2.14733e-11
98,17,-7.16452e-13,1.68721e-13
98,18,6.55004e-13,-3.41434e-11
98,19,-1.84396e-11,1.33378e-11
98,20,3.29009e-10,7.90935e-09
98,21,-4.12397e-10,-1.06195e-10
98,22,-1.71008e-11,-1.76028e-11
98,23,-2.92062e-10,-7.59183e-11
98,24,-1.46336e-11,-9.20302e-11
98,25,-6.90562e-13,-8.54026e-13
98,26,7.70077e-11,-1.22456e-11
98,27,2.02934e-12,-2.73522e-12
98,28,3.79127e-10,-3.0306e-10
98,29,6.46827e-13,4.60281e-13
99,0,1.65765e-12,1.9309e-11
99,1,8.91506e-12,2.97833e-13
99,2,-1.38218e-12,6.8288e-13
99,3,1.25886e-10,3.394e-10
99,4,-1.8359e-10,8.56811e-12
99,5,-7.18765e-12,-1.13928e-12
99,6,-2.63894e-11,-8.20223e-11
99,7,-8.12635e-12,2.53518e-12
99,8,2.87458e-10,-1.91257e-10
99,9,9.986e-11,5.48532e-10
99,10,-9.02959e-13,2.61875e-13
99,11,-1.07075e-13,-1.53439e-12
99,12,3.25828e-12,2.88862e-13
99,13,-4.4174e-12,1.76343e-11
99,14,2.99485e-11,5.54662e-12
99,15,4.29525e-10,-3.15339e-09
99,16,1.6465e-12,-5.51327e-12
99,17,-3.5506e-13,-5.51876e-14
99,18,-2.00657e-13,-2.28754e-11
99,19,1.04035e-11,-8.39831e-12
99,20,5.82659e-11,4.38271e-09
99,21,1.874e-10,5.52507e-11
99,22,1.78674e-11,2.74652e-12
99,23,-9.48156e-11,1.75873e-11
99,24,1.22601e-11,1.04586e-10
99,25,-2.91669e-13,-1.53324e-13
99,26,8.82033e-11,-4.0597e-12
99,27,2.20502e-12,-3.82438e-13
99,28,-1.61688e-10,1.38479e-10
99,29,6.95667e-12,1.44318e-12
